-- ===================================
-- INSERCIÓN DE DATOS - DUOLINGO
-- Base de datos: Gestion de Datos
-- Fecha: 2026-04-15
-- ===================================

-- ===================================
-- TABLAS MAESTRAS (30+ registros)
-- ===================================

-- PAIS (150 países)
INSERT INTO pais (id_pais, nombre, fecha_alta, fecha_baja) VALUES
(1, 'Argentina', CAST('2026-04-15' AS DATETIME), NULL),
(2, 'Brasil', CAST('2026-04-15' AS DATETIME), NULL),
(3, 'Chile', CAST('2026-04-15' AS DATETIME), NULL),
(4, 'Colombia', CAST('2026-04-15' AS DATETIME), NULL),
(5, 'Ecuador', CAST('2026-04-15' AS DATETIME), NULL),
(6, 'Perú', CAST('2026-04-15' AS DATETIME), NULL),
(7, 'Venezuela', CAST('2026-04-15' AS DATETIME), NULL),
(8, 'Paraguay', CAST('2026-04-15' AS DATETIME), NULL),
(9, 'Bolivia', CAST('2026-04-15' AS DATETIME), NULL),
(10, 'Uruguay', CAST('2026-04-15' AS DATETIME), NULL),
(11, 'España', CAST('2026-04-15' AS DATETIME), NULL),
(12, 'Portugal', CAST('2026-04-15' AS DATETIME), NULL),
(13, 'Francia', CAST('2026-04-15' AS DATETIME), NULL),
(14, 'Italia', CAST('2026-04-15' AS DATETIME), NULL),
(15, 'Alemania', CAST('2026-04-15' AS DATETIME), NULL),
(16, 'Reino Unido', CAST('2026-04-15' AS DATETIME), NULL),
(17, 'Irlanda', CAST('2026-04-15' AS DATETIME), NULL),
(18, 'Suecia', CAST('2026-04-15' AS DATETIME), NULL),
(19, 'Noruega', CAST('2026-04-15' AS DATETIME), NULL),
(20, 'Dinamarca', CAST('2026-04-15' AS DATETIME), NULL),
(21, 'Holanda', CAST('2026-04-15' AS DATETIME), NULL),
(22, 'Bélgica', CAST('2026-04-15' AS DATETIME), NULL),
(23, 'Suiza', CAST('2026-04-15' AS DATETIME), NULL),
(24, 'Austria', CAST('2026-04-15' AS DATETIME), NULL),
(25, 'Japón', CAST('2026-04-15' AS DATETIME), NULL),
(26, 'China', CAST('2026-04-15' AS DATETIME), NULL),
(27, 'Corea del Sur', CAST('2026-04-15' AS DATETIME), NULL),
(28, 'Tailandia', CAST('2026-04-15' AS DATETIME), NULL),
(29, 'Vietnam', CAST('2026-04-15' AS DATETIME), NULL),
(30, 'India', CAST('2026-04-15' AS DATETIME), NULL),
(31, 'Canadá', CAST('2026-04-15' AS DATETIME), NULL),
(32, 'Estados Unidos', CAST('2026-04-15' AS DATETIME), NULL),
(33, 'México', CAST('2026-04-15' AS DATETIME), NULL),
(34, 'Costa Rica', CAST('2026-04-15' AS DATETIME), NULL),
(35, 'Panamá', CAST('2026-04-15' AS DATETIME), NULL),
(36, 'Bolivia', CAST('2026-04-15' AS DATETIME), NULL),
(37, 'Guatemala', CAST('2026-04-15' AS DATETIME), NULL),
(38, 'Honduras', CAST('2026-04-15' AS DATETIME), NULL),
(39, 'El Salvador', CAST('2026-04-15' AS DATETIME), NULL),
(40, 'Nicaragua', CAST('2026-04-15' AS DATETIME), NULL),
(41, 'Belice', CAST('2026-04-15' AS DATETIME), NULL),
(42, 'Republica Dominicana', CAST('2026-04-15' AS DATETIME), NULL),
(43, 'Cuba', CAST('2026-04-15' AS DATETIME), NULL),
(44, 'Jamaica', CAST('2026-04-15' AS DATETIME), NULL),
(45, 'Puerto Rico', CAST('2026-04-15' AS DATETIME), NULL),
(46, 'Grecia', CAST('2026-04-15' AS DATETIME), NULL),
(47, 'Polonia', CAST('2026-04-15' AS DATETIME), NULL),
(48, 'República Checa', CAST('2026-04-15' AS DATETIME), NULL),
(49, 'Hungría', CAST('2026-04-15' AS DATETIME), NULL),
(50, 'Rumania', CAST('2026-04-15' AS DATETIME), NULL),
(51, 'Bulgaria', CAST('2026-04-15' AS DATETIME), NULL),
(52, 'Croacia', CAST('2026-04-15' AS DATETIME), NULL),
(53, 'Eslovenia', CAST('2026-04-15' AS DATETIME), NULL),
(54, 'Eslovaquia', CAST('2026-04-15' AS DATETIME), NULL),
(55, 'Serbia', CAST('2026-04-15' AS DATETIME), NULL),
(56, 'Bosnia y Herzegovina', CAST('2026-04-15' AS DATETIME), NULL),
(57, 'Montenegro', CAST('2026-04-15' AS DATETIME), NULL),
(58, 'Macedonia del Norte', CAST('2026-04-15' AS DATETIME), NULL),
(59, 'Albania', CAST('2026-04-15' AS DATETIME), NULL),
(60, 'Moldavia', CAST('2026-04-15' AS DATETIME), NULL),
(61, 'Ucrania', CAST('2026-04-15' AS DATETIME), NULL),
(62, 'Bielorrusia', CAST('2026-04-15' AS DATETIME), NULL),
(63, 'Rusia', CAST('2026-04-15' AS DATETIME), NULL),
(64, 'Georgia', CAST('2026-04-15' AS DATETIME), NULL),
(65, 'Armenia', CAST('2026-04-15' AS DATETIME), NULL),
(66, 'Azerbaiyán', CAST('2026-04-15' AS DATETIME), NULL),
(67, 'Kazajistán', CAST('2026-04-15' AS DATETIME), NULL),
(68, 'Uzbekistán', CAST('2026-04-15' AS DATETIME), NULL),
(69, 'Turkmenistán', CAST('2026-04-15' AS DATETIME), NULL),
(70, 'Kirgistán', CAST('2026-04-15' AS DATETIME), NULL),
(71, 'Tayikistán', CAST('2026-04-15' AS DATETIME), NULL),
(72, 'Afganistán', CAST('2026-04-15' AS DATETIME), NULL),
(73, 'Pakistán', CAST('2026-04-15' AS DATETIME), NULL),
(74, 'Bangladesh', CAST('2026-04-15' AS DATETIME), NULL),
(75, 'Nepal', CAST('2026-04-15' AS DATETIME), NULL),
(76, 'Bután', CAST('2026-04-15' AS DATETIME), NULL),
(77, 'Sri Lanka', CAST('2026-04-15' AS DATETIME), NULL),
(78, 'Maldivas', CAST('2026-04-15' AS DATETIME), NULL),
(79, 'Myanmar', CAST('2026-04-15' AS DATETIME), NULL),
(80, 'Laos', CAST('2026-04-15' AS DATETIME), NULL),
(81, 'Camboya', CAST('2026-04-15' AS DATETIME), NULL),
(82, 'Malasia', CAST('2026-04-15' AS DATETIME), NULL),
(83, 'Singapur', CAST('2026-04-15' AS DATETIME), NULL),
(84, 'Indonesia', CAST('2026-04-15' AS DATETIME), NULL),
(85, 'Filipinas', CAST('2026-04-15' AS DATETIME), NULL),
(86, 'Brunéi', CAST('2026-04-15' AS DATETIME), NULL),
(87, 'Timor Oriental', CAST('2026-04-15' AS DATETIME), NULL),
(88, 'Hong Kong', CAST('2026-04-15' AS DATETIME), NULL),
(89, 'Macao', CAST('2026-04-15' AS DATETIME), NULL),
(90, 'Mongolia', CAST('2026-04-15' AS DATETIME), NULL),
(91, 'Taiwán', CAST('2026-04-15' AS DATETIME), NULL),
(92, 'Tailandia', CAST('2026-04-15' AS DATETIME), NULL),
(93, 'Camboya', CAST('2026-04-15' AS DATETIME), NULL),
(94, 'Siria', CAST('2026-04-15' AS DATETIME), NULL),
(95, 'Líbano', CAST('2026-04-15' AS DATETIME), NULL),
(96, 'Palestina', CAST('2026-04-15' AS DATETIME), NULL),
(97, 'Israel', CAST('2026-04-15' AS DATETIME), NULL),
(98, 'Jordania', CAST('2026-04-15' AS DATETIME), NULL),
(99, 'Iraq', CAST('2026-04-15' AS DATETIME), NULL),
(100, 'Irán', CAST('2026-04-15' AS DATETIME), NULL),
(101, 'Arabia Saudita', CAST('2026-04-15' AS DATETIME), NULL),
(102, 'Yemen', CAST('2026-04-15' AS DATETIME), NULL),
(103, 'Omán', CAST('2026-04-15' AS DATETIME), NULL),
(104, 'Emiratos Árabes Unidos', CAST('2026-04-15' AS DATETIME), NULL),
(105, 'Qatar', CAST('2026-04-15' AS DATETIME), NULL),
(106, 'Bahréin', CAST('2026-04-15' AS DATETIME), NULL),
(107, 'Kuwait', CAST('2026-04-15' AS DATETIME), NULL),
(108, 'Turquía', CAST('2026-04-15' AS DATETIME), NULL),
(109, 'Chipre', CAST('2026-04-15' AS DATETIME), NULL),
(110, 'Egipto', CAST('2026-04-15' AS DATETIME), NULL),
(111, 'Libia', CAST('2026-04-15' AS DATETIME), NULL),
(112, 'Túnez', CAST('2026-04-15' AS DATETIME), NULL),
(113, 'Argelia', CAST('2026-04-15' AS DATETIME), NULL),
(114, 'Marruecos', CAST('2026-04-15' AS DATETIME), NULL),
(115, 'Mauritania', CAST('2026-04-15' AS DATETIME), NULL),
(116, 'Senegal', CAST('2026-04-15' AS DATETIME), NULL),
(117, 'Gambia', CAST('2026-04-15' AS DATETIME), NULL),
(118, 'Guinea-Bisáu', CAST('2026-04-15' AS DATETIME), NULL),
(119, 'Guinea', CAST('2026-04-15' AS DATETIME), NULL),
(120, 'Sierra Leona', CAST('2026-04-15' AS DATETIME), NULL),
(121, 'Liberia', CAST('2026-04-15' AS DATETIME), NULL),
(122, 'Mali', CAST('2026-04-15' AS DATETIME), NULL),
(123, 'Burkina Faso', CAST('2026-04-15' AS DATETIME), NULL),
(124, 'Costa de Marfil', CAST('2026-04-15' AS DATETIME), NULL),
(125, 'Ghana', CAST('2026-04-15' AS DATETIME), NULL),
(126, 'Togo', CAST('2026-04-15' AS DATETIME), NULL),
(127, 'Benín', CAST('2026-04-15' AS DATETIME), NULL),
(128, 'Nigeria', CAST('2026-04-15' AS DATETIME), NULL),
(129, 'Camerún', CAST('2026-04-15' AS DATETIME), NULL),
(130, 'Chad', CAST('2026-04-15' AS DATETIME), NULL),
(131, 'Gabón', CAST('2026-04-15' AS DATETIME), NULL),
(132, 'República del Congo', CAST('2026-04-15' AS DATETIME), NULL),
(133, 'República Democrática del Congo', CAST('2026-04-15' AS DATETIME), NULL),
(134, 'Angola', CAST('2026-04-15' AS DATETIME), NULL),
(135, 'Zambia', CAST('2026-04-15' AS DATETIME), NULL),
(136, 'Zimbabue', CAST('2026-04-15' AS DATETIME), NULL),
(137, 'Botsuana', CAST('2026-04-15' AS DATETIME), NULL),
(138, 'Namibia', CAST('2026-04-15' AS DATETIME), NULL),
(139, 'Sudáfrica', CAST('2026-04-15' AS DATETIME), NULL),
(140, 'Esuatini', CAST('2026-04-15' AS DATETIME), NULL),
(141, 'Lesoto', CAST('2026-04-15' AS DATETIME), NULL),
(142, 'Mozambique', CAST('2026-04-15' AS DATETIME), NULL),
(143, 'Madagascar', CAST('2026-04-15' AS DATETIME), NULL),
(144, 'Mauricio', CAST('2026-04-15' AS DATETIME), NULL),
(145, 'Australia', CAST('2026-04-15' AS DATETIME), NULL),
(146, 'Nueva Zelanda', CAST('2026-04-15' AS DATETIME), NULL),
(147, 'Fiji', CAST('2026-04-15' AS DATETIME), NULL),
(148, 'Samoa', CAST('2026-04-15' AS DATETIME), NULL),
(149, 'Vanuatu', CAST('2026-04-15' AS DATETIME), NULL),
(150, 'Kiribati', CAST('2026-04-15' AS DATETIME), NULL);
GO

-- MATERIA (49 idiomas/materias)
INSERT INTO materia (id_materia, nombre, descripcion, fecha_alta, fecha_baja) VALUES
(1, 'Inglés', 'Idioma inglés general', CAST('2026-04-15' AS DATETIME), NULL),
(2, 'Portugués', 'Idioma portugués de Brasil y Portugal', CAST('2026-04-15' AS DATETIME), NULL),
(3, 'Francés', 'Idioma francés europeo', CAST('2026-04-15' AS DATETIME), NULL),
(4, 'Italiano', 'Idioma italiano', CAST('2026-04-15' AS DATETIME), NULL),
(5, 'Alemán', 'Idioma alemán', CAST('2026-04-15' AS DATETIME), NULL),
(6, 'Español', 'Español general y regional', CAST('2026-04-15' AS DATETIME), NULL),
(7, 'Japonés', 'Idioma japonés con kanji', CAST('2026-04-15' AS DATETIME), NULL),
(8, 'Chino', 'Chino simplificado', CAST('2026-04-15' AS DATETIME), NULL),
(9, 'Coreano', 'Idioma coreano', CAST('2026-04-15' AS DATETIME), NULL),
(10, 'Ruso', 'Idioma ruso', CAST('2026-04-15' AS DATETIME), NULL),
(11, 'Árabe', 'Árabe moderno estándar', CAST('2026-04-15' AS DATETIME), NULL),
(12, 'Swahili', 'Idioma Swahili', CAST('2026-04-15' AS DATETIME), NULL),
(13, 'Irlandés', 'Idioma irlandés/gaélico', CAST('2026-04-15' AS DATETIME), NULL),
(14, 'Sueco', 'Idioma sueco', CAST('2026-04-15' AS DATETIME), NULL),
(15, 'Noruego', 'Idioma noruego', CAST('2026-04-15' AS DATETIME), NULL),
(16, 'Danés', 'Idioma danés', CAST('2026-04-15' AS DATETIME), NULL),
(17, 'Holandés', 'Idioma holandés/flamenco', CAST('2026-04-15' AS DATETIME), NULL),
(18, 'Polaco', 'Idioma polaco', CAST('2026-04-15' AS DATETIME), NULL),
(19, 'Turco', 'Idioma turco', CAST('2026-04-15' AS DATETIME), NULL),
(20, 'Griego', 'Idioma griego moderno', CAST('2026-04-15' AS DATETIME), NULL),
(21, 'Hebreo', 'Idioma hebreo', CAST('2026-04-15' AS DATETIME), NULL),
(22, 'Tailandés', 'Idioma tailandés', CAST('2026-04-15' AS DATETIME), NULL),
(23, 'Vietnamita', 'Idioma vietnamita', CAST('2026-04-15' AS DATETIME), NULL),
(24, 'Indonesio', 'Idioma indonesio', CAST('2026-04-15' AS DATETIME), NULL),
(27, 'Hindi', 'Idioma hindi', CAST('2026-04-15' AS DATETIME), NULL),
(30, 'Esperanto', 'Idioma auxiliar internacional', CAST('2026-04-15' AS DATETIME), NULL),
(31, 'Ajedrez', 'Curso de ajedrez para mejorar la estrategia cognitiva', CAST('2026-04-15' AS DATETIME), NULL),
(32, 'Inglés Intermedio', 'Curso de inglés en nivel intermedio', CAST('2026-04-15' AS DATETIME), NULL),
(33, 'Matemática', 'Curso de matemáticas y razonamiento lógico', CAST('2026-04-15' AS DATETIME), NULL),
(34, 'Música', 'Curso de teoría y práctica musical', CAST('2026-04-15' AS DATETIME), NULL),
(35, 'Checo', 'Idioma checo', CAST('2026-04-15' AS DATETIME), NULL),
(36, 'Ucraniano', 'Idioma ucraniano', CAST('2026-04-15' AS DATETIME), NULL),
(37, 'Galés', 'Idioma galés', CAST('2026-04-15' AS DATETIME), NULL),
(38, 'Húngaro', 'Idioma húngaro', CAST('2026-04-15' AS DATETIME), NULL),
(39, 'Rumano', 'Idioma rumano', CAST('2026-04-15' AS DATETIME), NULL),
(40, 'Hawaiano', 'Idioma hawaiano', CAST('2026-04-15' AS DATETIME), NULL),
(41, 'Navajo', 'Idioma navajo', CAST('2026-04-15' AS DATETIME), NULL),
(42, 'Klingon', 'Idioma ficticio klingon', CAST('2026-04-15' AS DATETIME), NULL),
(43, 'Alto Valyrio', 'Idioma ficticio alto valyrio', CAST('2026-04-15' AS DATETIME), NULL),
(44, 'Latín', 'Idioma clásico latín', CAST('2026-04-15' AS DATETIME), NULL),
(45, 'Celta Goidélica', 'Idioma celta goidélica', CAST('2026-04-15' AS DATETIME), NULL),
(46, 'Finlandés', 'Idioma finlandés', CAST('2026-04-15' AS DATETIME), NULL),
(47, 'Yidis', 'Idioma yidis', CAST('2026-04-15' AS DATETIME), NULL),
(48, 'Zulu', 'Idioma zulú', CAST('2026-04-15' AS DATETIME), NULL),
(49, 'Criollo Haitiano', 'Idioma criollo haitiano', CAST('2026-04-15' AS DATETIME), NULL);
GO

-- PLAN (30 planes de suscripción)
INSERT INTO [plan] (id_plan, nombre, duracion_dias, descripcion, fecha_alta, fecha_baja) VALUES
(1, 'Super', 0, 'Individual sin anuncios', CAST('2026-04-15' AS DATETIME), NULL),
(2, 'Super Familia', 30, '5 personas mas en tu plan Super', CAST('2026-04-15' AS DATETIME), NULL),
(3, 'Max', 90, 'Accede a videollamadas en vivo con Lili', CAST('2026-04-15' AS DATETIME), NULL),
(4, 'Max Familia', 365, '5 personas mas en tu plan Max', CAST('2026-04-15' AS DATETIME), NULL);
GO

-- TIPO_PRODUCTO (8 tipos - Merchandising y productos de la plataforma)
INSERT INTO tipo_producto (id_tipo_producto, nombre, descripcion, fecha_alta, fecha_baja) VALUES
(1, 'Accesorios', 'Accesorios oficiales de Duolingo (lámparas, tazas, mochilas, etc.)', CAST('2026-04-15' AS DATETIME), NULL),
(2, 'Ropa', 'Prendas de vestir oficiales de Duolingo (camisetas, sudaderas, pantalones, gorras)', CAST('2026-04-15' AS DATETIME), NULL),
(3, 'Peluches', 'Peluches y muñecos de personajes de Duolingo', CAST('2026-04-15' AS DATETIME), NULL),
(4, 'Ofertas Especiales', 'Promociones y ofertas especiales limitadas', CAST('2026-04-15' AS DATETIME), NULL),
(5, 'Protector de Racha', 'Protección y booster de racha', CAST('2026-04-15' AS DATETIME), NULL),
(6, 'Energía', 'Vidas/Corazones para continuar jugando', CAST('2026-04-15' AS DATETIME), NULL),
(7, 'Tiempo Extra', 'Multiplicadores de experiencia y bonificadores de tiempo', CAST('2026-04-15' AS DATETIME), NULL),
(8, 'Gemas', 'Gemas y moneda premium para compras en app', CAST('2026-04-15' AS DATETIME), NULL);
GO

-- USUARIO (30 usuarios)
INSERT INTO usuario (id_usuario, id_idioma_nativo, id_pais, nombre, apellido, email, nombre_usuario, telefono, fecha_alta, fecha_nacimiento, record_racha, fecha_baja, corazones_disponibles) VALUES
(1, 6, 1, 'Juan', 'García', 'juan.garcia@email.com', 'juangarc95', '+54 9 1123456789', CAST('2026-01-15' AS DATETIME), CAST('1995-03-20' AS DATE), 45, NULL, 5),
(2, 1, 16, 'Sarah', 'Johnson', 'sarah.johnson@email.com', 'sarahjohn88', '+44 20 7946 0958', CAST('2026-01-18' AS DATETIME), CAST('1988-07-15' AS DATE), 127, NULL, 3),
(3, 2, 2, 'Maria', 'Silva', 'maria.silva@email.com', 'mariasilva92', '+55 11 98765-4321', CAST('2026-01-20' AS DATETIME), CAST('1992-05-10' AS DATE), 89, NULL, 5),
(4, 3, 13, 'Pierre', 'Dubois', 'pierre.dubois@email.com', 'piedub85', '+33 1 42 34 56 00', CAST('2026-01-22' AS DATETIME), CAST('1985-11-25' AS DATE), 156, NULL, 4),
(5, 5, 15, 'Klaus', 'Mueller', 'klaus.mueller@email.com', 'klausm90', '+49 30 12345678', CAST('2026-01-25' AS DATETIME), CAST('1990-09-08' AS DATE), 203, NULL, 5),
(6, 4, 14, 'Marco', 'Rossi', 'marco.rossi@email.com', 'marcorossi87', '+39 06 1234 5678', CAST('2026-02-01' AS DATETIME), CAST('1987-02-14' AS DATE), 67, NULL, 2),
(7, 8, 26, 'Wei', 'Chen', 'wei.chen@email.com', 'weichen99', '+86 10 1234-5678', CAST('2026-02-05' AS DATETIME), CAST('1999-12-30' AS DATE), 34, NULL, 5),
(8, 7, 25, 'Yuki', 'Tanaka', 'yuki.tanaka@email.com', 'yukitanaka93', '+81 3-1234-5678', CAST('2026-02-08' AS DATETIME), CAST('1993-06-17' AS DATE), 112, NULL, 3),
(9, 9, 27, 'Min-jun', 'Park', 'minjun.park@email.com', 'minjunpark94', '+82 2-1234-5678', CAST('2026-02-10' AS DATETIME), CAST('1994-08-22' AS DATE), 91, NULL, 5),
(10, 10, 1, 'Dmitri', 'Volkov', 'dmitri.volkov@email.com', 'dmitrivolkov88', '+54 11 1234-5678', CAST('2026-02-15' AS DATETIME), CAST('1988-04-11' AS DATE), 178, NULL, 1),
(11, 6, 4, 'Carlos', 'Rodríguez', 'carlos.rodriguez@email.com', 'carlosrod91', '+57 1 1234 5678', CAST('2026-02-18' AS DATETIME), CAST('1991-10-05' AS DATE), 123, NULL, 5),
(12, 1, 2, 'Alice', 'Cooper', 'alice.cooper@email.com', 'alicecooper86', '+55 21 99999-8888', CAST('2026-02-20' AS DATETIME), CAST('1986-01-30' AS DATE), 45, NULL, 4),
(13, 3, 1, 'François', 'Martin', 'francois.martin@email.com', 'francoismart89', '+33 2 9123 4567', CAST('2026-02-25' AS DATETIME), CAST('1989-07-19' AS DATE), 98, NULL, 5),
(14, 2, 11, 'Carolina', 'Santos', 'carolina.santos@email.com', 'carolsantos87', '+34 91 1234 567', CAST('2026-03-01' AS DATETIME), CAST('1987-03-28' AS DATE), 154, NULL, 3),
(15, 6, 3, 'Diego', 'López', 'diego.lopez@email.com', 'diegolopez92', '+56 2 1234-5678', CAST('2026-03-05' AS DATETIME), CAST('1992-09-14' AS DATE), 67, NULL, 5),
(16, 1, 12, 'Oliver', 'Thompson', 'oliver.thompson@email.com', 'oliverthom95', '+351 21 1234 567', CAST('2026-03-08' AS DATETIME), CAST('1995-05-21' AS DATE), 213, NULL, 5),
(17, 4, 13, 'Giulia', 'Bianchi', 'giulia.bianchi@email.com', 'giuliabianchi94', '+39 02 1234 5678', CAST('2026-03-10' AS DATETIME), CAST('1994-11-09' AS DATE), 88, NULL, 2),
(18, 5, 16, 'Jasper', 'Hoffmann', 'jasper.hoffmann@email.com', 'jasperh91', '+44 121 1234 5678', CAST('2026-03-12' AS DATETIME), CAST('1991-02-16' AS DATE), 145, NULL, 5),
(19, 27, 30, 'Raj', 'Patel', 'raj.patel@email.com', 'rajpatel93', '+91 22 1234 5678', CAST('2026-03-14' AS DATETIME), CAST('1993-08-03' AS DATE), 76, NULL, 4),
(20, 22, 28, 'Somchai', 'Prasad', 'somchai.prasad@email.com', 'somchaipr90', '+66 2 1234 5678', CAST('2026-03-16' AS DATETIME), CAST('1990-12-11' AS DATE), 189, NULL, 5),
(21, 11, 20, 'Layla', 'Hassan', 'layla.hassan@email.com', 'laylahassan96', '+966 11 1234 5678', CAST('2026-03-18' AS DATETIME), CAST('1996-06-25' AS DATE), 52, NULL, 5),
(22, 6, 5, 'Miguel', 'Torres', 'miguel.torres@email.com', 'migueltor88', '+593 2 1234-567', CAST('2026-03-20' AS DATETIME), CAST('1988-04-30' AS DATE), 134, NULL, 3),
(23, 1, 6, 'Emma', 'Wilson', 'emma.wilson@email.com', 'emmawilson92', '+1 202 555-0128', CAST('2026-03-22' AS DATETIME), CAST('1992-10-07' AS DATE), 97, NULL, 5),
(24, 3, 14, 'Bernard', 'Leclerc', 'bernard.leclerc@email.com', 'bernardlecl89', '+33 4 1234 5678', CAST('2026-03-25' AS DATETIME), CAST('1989-08-19' AS DATE), 168, NULL, 4),
(25, 2, 7, 'Paulo', 'Ferreira', 'paulo.ferreira@email.com', 'pauloferr85', '+58 212 1234-567', CAST('2026-03-28' AS DATETIME), CAST('1985-01-12' AS DATE), 103, NULL, 5),
(26, 5, 23, 'Lucia', 'Schäfer', 'lucia.schafer@email.com', 'luciashaf91', '+41 44 1234 5678', CAST('2026-03-30' AS DATETIME), CAST('1991-07-22' AS DATE), 145, NULL, 2),
(27, 23, 24, 'Anh', 'Nguyen', 'anh.nguyen@email.com', 'anhngyen94', '+84 24 1234 5678', CAST('2026-04-02' AS DATETIME), CAST('1994-03-15' AS DATE), 71, NULL, 5),
(28, 6, 8, 'Roberto', 'González', 'roberto.gonzalez@email.com', 'robgonz87', '+595 21 1234 567', CAST('2026-04-05' AS DATETIME), CAST('1987-09-28' AS DATE), 156, NULL, 4),
(29, 1, 9, 'Thomas', 'Bradley', 'thomas.bradley@email.com', 'thomasbrad90', '+1 202 555-0147', CAST('2026-04-08' AS DATETIME), CAST('1990-05-11' AS DATE), 82, NULL, 3),
(30, 4, 10, 'Valentina', 'Moretti', 'valentina.moretti@email.com', 'valentinamo88', '+39 06 1234 5678', CAST('2026-04-10' AS DATETIME), CAST('1988-12-06' AS DATE), 198, NULL, 5);
GO

-- LIGA (30 ligas)
INSERT INTO liga (id_liga, nombre, fecha_alta, fecha_baja) VALUES
(1, 'Bronze', CAST('2026-01-01' AS DATETIME), NULL),
(2, 'Silver', CAST('2026-01-01' AS DATETIME), NULL),
(3, 'Gold', CAST('2026-01-01' AS DATETIME), NULL),
(4, 'Sapphire', CAST('2026-01-15' AS DATETIME), NULL),
(5, 'Ruby', CAST('2026-01-15' AS DATETIME), NULL),
(6, 'Emerald', CAST('2026-01-10' AS DATETIME), CAST('2026-01-17' AS DATETIME)),
(7, 'Amethyst', CAST('2026-01-17' AS DATETIME), CAST('2026-01-24' AS DATETIME)),
(8, 'Pearl', CAST('2026-02-01' AS DATETIME), NULL),
(9, 'Obsidian', CAST('2026-02-01' AS DATETIME), NULL),
(10, 'Diamond', CAST('2026-02-05' AS DATETIME), NULL);
GO

-- CURSO (245 cursos - 5 niveles por cada uno de los 49 idiomas)
INSERT INTO curso (id_curso, idioma_base, id_materia, nombre, descripcion, fecha_alta, fecha_baja) VALUES
(1, 'Español', 1, 'Inglés desde Español', 'Curso de inglés para hablantes de español', CAST('2026-01-01' AS DATETIME), NULL),
(2, 'Español', 3, 'Francés desde Español', 'Curso de francés para hablantes de español', CAST('2026-01-01' AS DATETIME), NULL),
(3, 'Español', 4, 'Italiano desde Español', 'Curso de italiano para hablantes de español', CAST('2026-01-01' AS DATETIME), NULL),
(4, 'Español', 2, 'Portugués desde Español', 'Curso de portugués para hablantes de español', CAST('2026-01-01' AS DATETIME), NULL),
(5, 'Español', 31, 'Ajedrez desde Español', 'Curso de ajedrez para hablantes de español', CAST('2026-01-01' AS DATETIME), NULL),
(6, 'Español', 5, 'Alemán desde Español', 'Curso de alemán para hablantes de español', CAST('2026-01-01' AS DATETIME), NULL),
(7, 'Español', 33, 'Matemáticas desde Español', 'Curso de matemáticas para hablantes de español', CAST('2026-01-01' AS DATETIME), NULL),
(8, 'Español', 34, 'Música desde Español', 'Curso de música para hablantes de español', CAST('2026-01-01' AS DATETIME), NULL),
(9, 'Español', 10, 'Ruso desde Español', 'Curso de ruso para hablantes de español', CAST('2026-01-01' AS DATETIME), NULL),
(10, 'Español', 50, 'Catalán desde Español', 'Curso de catalán para hablantes de español', CAST('2026-01-01' AS DATETIME), NULL),
(11, 'Español', 14, 'Sueco desde Español', 'Curso de sueco para hablantes de español', CAST('2026-01-01' AS DATETIME), NULL),
(12, 'Español', 7, 'Japonés desde Español', 'Curso de japonés para hablantes de español', CAST('2026-01-01' AS DATETIME), NULL),
(13, 'Español', 9, 'Coreano desde Español', 'Curso de coreano para hablantes de español', CAST('2026-01-01' AS DATETIME), NULL),
(14, 'Español', 8, 'Chino desde Español', 'Curso de chino para hablantes de español', CAST('2026-01-01' AS DATETIME), NULL),
(15, 'Inglés', 6, 'Español desde Inglés', 'Curso de español para hablantes de inglés', CAST('2026-01-01' AS DATETIME), NULL),
(16, 'Inglés', 3, 'Francés desde Inglés', 'Curso de francés para hablantes de inglés', CAST('2026-01-01' AS DATETIME), NULL),
(17, 'Inglés', 5, 'Alemán desde Inglés', 'Curso de alemán para hablantes de inglés', CAST('2026-01-01' AS DATETIME), NULL),
(18, 'Inglés', 4, 'Italiano desde Inglés', 'Curso de italiano para hablantes de inglés', CAST('2026-01-01' AS DATETIME), NULL),
(19, 'Inglés', 31, 'Ajedrez desde Inglés', 'Curso de ajedrez para hablantes de inglés', CAST('2026-01-01' AS DATETIME), NULL),
(20, 'Inglés', 32, 'Inglés intermedio desde Inglés', 'Curso de inglés intermedio para hablantes de inglés', CAST('2026-01-01' AS DATETIME), NULL),
(21, 'Inglés', 7, 'Japonés desde Inglés', 'Curso de japonés para hablantes de inglés', CAST('2026-01-01' AS DATETIME), NULL),
(22, 'Inglés', 33, 'Matemáticas desde Inglés', 'Curso de matemáticas para hablantes de inglés', CAST('2026-01-01' AS DATETIME), NULL),
(23, 'Inglés', 34, 'Música desde Inglés', 'Curso de música para hablantes de inglés', CAST('2026-01-01' AS DATETIME), NULL),
(24, 'Inglés', 8, 'Chino desde Inglés', 'Curso de chino para hablantes de inglés', CAST('2026-01-01' AS DATETIME), NULL),
(25, 'Inglés', 10, 'Ruso desde Inglés', 'Curso de ruso para hablantes de inglés', CAST('2026-01-01' AS DATETIME), NULL),
(26, 'Inglés', 9, 'Coreano desde Inglés', 'Curso de coreano para hablantes de inglés', CAST('2026-01-01' AS DATETIME), NULL),
(27, 'Inglés', 2, 'Portugués desde Inglés', 'Curso de portugués para hablantes de inglés', CAST('2026-01-01' AS DATETIME), NULL),
(28, 'Inglés', 11, 'Árabe desde Inglés', 'Curso de árabe para hablantes de inglés', CAST('2026-01-01' AS DATETIME), NULL),
(29, 'Inglés', 17, 'Neerlandés desde Inglés', 'Curso de neerlandés para hablantes de inglés', CAST('2026-01-01' AS DATETIME), NULL),
(30, 'Inglés', 14, 'Sueco desde Inglés', 'Curso de sueco para hablantes de inglés', CAST('2026-01-01' AS DATETIME), NULL),
(31, 'Inglés', 15, 'Noruego desde Inglés', 'Curso de noruego para hablantes de inglés', CAST('2026-01-01' AS DATETIME), NULL),
(32, 'Inglés', 19, 'Turco desde Inglés', 'Curso de turco para hablantes de inglés', CAST('2026-01-01' AS DATETIME), NULL),
(33, 'Inglés', 18, 'Polaco desde Inglés', 'Curso de polaco para hablantes de inglés', CAST('2026-01-01' AS DATETIME), NULL),
(34, 'Inglés', 13, 'Irlandés desde Inglés', 'Curso de irlandés para hablantes de inglés', CAST('2026-01-01' AS DATETIME), NULL),
(35, 'Inglés', 20, 'Griego desde Inglés', 'Curso de griego para hablantes de inglés', CAST('2026-01-01' AS DATETIME), NULL),
(36, 'Inglés', 21, 'Hebreo desde Inglés', 'Curso de hebreo para hablantes de inglés', CAST('2026-01-01' AS DATETIME), NULL),
(37, 'Inglés', 16, 'Danés desde Inglés', 'Curso de danés para hablantes de inglés', CAST('2026-01-01' AS DATETIME), NULL),
(38, 'Inglés', 27, 'Hindi desde Inglés', 'Curso de hindi para hablantes de inglés', CAST('2026-01-01' AS DATETIME), NULL),
(39, 'Inglés', 35, 'Checo desde Inglés', 'Curso de checo para hablantes de inglés', CAST('2026-01-01' AS DATETIME), NULL),
(40, 'Inglés', 30, 'Esperanto desde Inglés', 'Curso de esperanto para hablantes de inglés', CAST('2026-01-01' AS DATETIME), NULL),
(41, 'Inglés', 36, 'Ucraniano desde Inglés', 'Curso de ucraniano para hablantes de inglés', CAST('2026-01-01' AS DATETIME), NULL),
(42, 'Inglés', 37, 'Galés desde Inglés', 'Curso de galés para hablantes de inglés', CAST('2026-01-01' AS DATETIME), NULL),
(43, 'Inglés', 23, 'Vietnamita desde Inglés', 'Curso de vietnamita para hablantes de inglés', CAST('2026-01-01' AS DATETIME), NULL),
(44, 'Inglés', 38, 'Húngaro desde Inglés', 'Curso de húngaro para hablantes de inglés', CAST('2026-01-01' AS DATETIME), NULL),
(45, 'Inglés', 12, 'Suajili desde Inglés', 'Curso de suajili para hablantes de inglés', CAST('2026-01-01' AS DATETIME), NULL),
(46, 'Inglés', 39, 'Rumano desde Inglés', 'Curso de rumano para hablantes de inglés', CAST('2026-01-01' AS DATETIME), NULL),
(47, 'Inglés', 24, 'Indonesio desde Inglés', 'Curso de indonesio para hablantes de inglés', CAST('2026-01-01' AS DATETIME), NULL),
(48, 'Inglés', 40, 'Hawaiano desde Inglés', 'Curso de hawaiano para hablantes de inglés', CAST('2026-01-01' AS DATETIME), NULL),
(49, 'Inglés', 41, 'Navajo desde Inglés', 'Curso de navajo para hablantes de inglés', CAST('2026-01-01' AS DATETIME), NULL),
(50, 'Inglés', 42, 'Klingon desde Inglés', 'Curso de klingon para hablantes de inglés', CAST('2026-01-01' AS DATETIME), NULL),
(51, 'Inglés', 43, 'Alto valyrio desde Inglés', 'Curso de alto valyrio para hablantes de inglés', CAST('2026-01-01' AS DATETIME), NULL),
(52, 'Inglés', 44, 'Latín desde Inglés', 'Curso de latín para hablantes de inglés', CAST('2026-01-01' AS DATETIME), NULL),
(53, 'Inglés', 45, 'Gaélico escocés desde Inglés', 'Curso de gaélico escocés para hablantes de inglés', CAST('2026-01-01' AS DATETIME), NULL),
(54, 'Inglés', 46, 'Finlandés desde Inglés', 'Curso de finlandés para hablantes de inglés', CAST('2026-01-01' AS DATETIME), NULL),
(55, 'Inglés', 47, 'Yidis desde Inglés', 'Curso de yidis para hablantes de inglés', CAST('2026-01-01' AS DATETIME), NULL),
(56, 'Inglés', 49, 'Criollo haitiano desde Inglés', 'Curso de criollo haitiano para hablantes de inglés', CAST('2026-01-01' AS DATETIME), NULL),
(57, 'Inglés', 48, 'Zulú desde Inglés', 'Curso de zulú para hablantes de inglés', CAST('2026-01-01' AS DATETIME), NULL),
(58, 'Alemán', 1, 'Inglés desde Alemán', 'Curso de inglés para hablantes de alemán', CAST('2026-01-01' AS DATETIME), NULL),
(59, 'Alemán', 6, 'Español desde Alemán', 'Curso de español para hablantes de alemán', CAST('2026-01-01' AS DATETIME), NULL),
(60, 'Alemán', 3, 'Francés desde Alemán', 'Curso de francés para hablantes de alemán', CAST('2026-01-01' AS DATETIME), NULL),
(61, 'Alemán', 4, 'Italiano desde Alemán', 'Curso de italiano para hablantes de alemán', CAST('2026-01-01' AS DATETIME), NULL),
(62, 'Alemán', 31, 'Ajedrez desde Alemán', 'Curso de ajedrez para hablantes de alemán', CAST('2026-01-01' AS DATETIME), NULL),
(63, 'Alemán', 2, 'Portugués desde Alemán', 'Curso de portugués para hablantes de alemán', CAST('2026-01-01' AS DATETIME), NULL),
(64, 'Alemán', 9, 'Coreano desde Alemán', 'Curso de coreano para hablantes de alemán', CAST('2026-01-01' AS DATETIME), NULL),
(65, 'Alemán', 7, 'Japonés desde Alemán', 'Curso de japonés para hablantes de alemán', CAST('2026-01-01' AS DATETIME), NULL),
(66, 'Alemán', 8, 'Chino desde Alemán', 'Curso de chino para hablantes de alemán', CAST('2026-01-01' AS DATETIME), NULL),
(67, 'Alemán', 33, 'Matemáticas desde Alemán', 'Curso de matemáticas para hablantes de alemán', CAST('2026-01-01' AS DATETIME), NULL),
(68, 'Alemán', 34, 'Música desde Alemán', 'Curso de música para hablantes de alemán', CAST('2026-01-01' AS DATETIME), NULL),
(69, 'Árabe', 1, 'Inglés desde Árabe', 'Curso de inglés para hablantes de árabe', CAST('2026-01-01' AS DATETIME), NULL),
(70, 'Árabe', 3, 'Francés desde Árabe', 'Curso de francés para hablantes de árabe', CAST('2026-01-01' AS DATETIME), NULL),
(71, 'Árabe', 5, 'Alemán desde Árabe', 'Curso de alemán para hablantes de árabe', CAST('2026-01-01' AS DATETIME), NULL),
(72, 'Árabe', 14, 'Sueco desde Árabe', 'Curso de sueco para hablantes de árabe', CAST('2026-01-01' AS DATETIME), NULL),
(73, 'Árabe', 31, 'Ajedrez desde Árabe', 'Curso de ajedrez para hablantes de árabe', CAST('2026-01-01' AS DATETIME), NULL),
(74, 'Árabe', 7, 'Japonés desde Árabe', 'Curso de japonés para hablantes de árabe', CAST('2026-01-01' AS DATETIME), NULL),
(75, 'Árabe', 6, 'Español desde Árabe', 'Curso de español para hablantes de árabe', CAST('2026-01-01' AS DATETIME), NULL),
(76, 'Árabe', 4, 'Italiano desde Árabe', 'Curso de italiano para hablantes de árabe', CAST('2026-01-01' AS DATETIME), NULL),
(77, 'Árabe', 8, 'Chino desde Árabe', 'Curso de chino para hablantes de árabe', CAST('2026-01-01' AS DATETIME), NULL),
(78, 'Árabe', 9, 'Coreano desde Árabe', 'Curso de coreano para hablantes de árabe', CAST('2026-01-01' AS DATETIME), NULL),
(79, 'Árabe', 2, 'Portugués desde Árabe', 'Curso de portugués para hablantes de árabe', CAST('2026-01-01' AS DATETIME), NULL),
(80, 'Bengalí', 1, 'Inglés desde Bengalí', 'Curso de inglés para hablantes de bengalí', CAST('2026-01-01' AS DATETIME), NULL),
(81, 'Bengalí', 7, 'Japonés desde Bengalí', 'Curso de japonés para hablantes de bengalí', CAST('2026-01-01' AS DATETIME), NULL),
(82, 'Bengalí', 5, 'Alemán desde Bengalí', 'Curso de alemán para hablantes de bengalí', CAST('2026-01-01' AS DATETIME), NULL),
(83, 'Bengalí', 3, 'Francés desde Bengalí', 'Curso de francés para hablantes de bengalí', CAST('2026-01-01' AS DATETIME), NULL),
(84, 'Bengalí', 6, 'Español desde Bengalí', 'Curso de español para hablantes de bengalí', CAST('2026-01-01' AS DATETIME), NULL),
(85, 'Bengalí', 9, 'Coreano desde Bengalí', 'Curso de coreano para hablantes de bengalí', CAST('2026-01-01' AS DATETIME), NULL),
(86, 'Bengalí', 4, 'Italiano desde Bengalí', 'Curso de italiano para hablantes de bengalí', CAST('2026-01-01' AS DATETIME), NULL),
(87, 'Bengalí', 2, 'Portugués desde Bengalí', 'Curso de portugués para hablantes de bengalí', CAST('2026-01-01' AS DATETIME), NULL),
(88, 'Bengalí', 8, 'Chino desde Bengalí', 'Curso de chino para hablantes de bengalí', CAST('2026-01-01' AS DATETIME), NULL),
(89, 'Bengalí', 33, 'Matemáticas desde Bengalí', 'Curso de matemáticas para hablantes de bengalí', CAST('2026-01-01' AS DATETIME), NULL),
(90, 'Bengalí', 34, 'Música desde Bengalí', 'Curso de música para hablantes de bengalí', CAST('2026-01-01' AS DATETIME), NULL),
(91, 'Checo', 1, 'Inglés desde Checo', 'Curso de inglés para hablantes de checo', CAST('2026-01-01' AS DATETIME), NULL),
(92, 'Checo', 7, 'Japonés desde Checo', 'Curso de japonés para hablantes de checo', CAST('2026-01-01' AS DATETIME), NULL),
(93, 'Checo', 6, 'Español desde Checo', 'Curso de español para hablantes de checo', CAST('2026-01-01' AS DATETIME), NULL),
(94, 'Checo', 8, 'Chino desde Checo', 'Curso de chino para hablantes de checo', CAST('2026-01-01' AS DATETIME), NULL),
(95, 'Checo', 31, 'Ajedrez desde Checo', 'Curso de ajedrez para hablantes de checo', CAST('2026-01-01' AS DATETIME), NULL),
(96, 'Checo', 9, 'Coreano desde Checo', 'Curso de coreano para hablantes de checo', CAST('2026-01-01' AS DATETIME), NULL),
(97, 'Checo', 5, 'Alemán desde Checo', 'Curso de alemán para hablantes de checo', CAST('2026-01-01' AS DATETIME), NULL),
(98, 'Checo', 2, 'Portugués desde Checo', 'Curso de portugués para hablantes de checo', CAST('2026-01-01' AS DATETIME), NULL),
(99, 'Checo', 4, 'Italiano desde Checo', 'Curso de italiano para hablantes de checo', CAST('2026-01-01' AS DATETIME), NULL),
(100, 'Checo', 3, 'Francés desde Checo', 'Curso de francés para hablantes de checo', CAST('2026-01-01' AS DATETIME), NULL),
(101, 'Checo', 33, 'Matemáticas desde Checo', 'Curso de matemáticas para hablantes de checo', CAST('2026-01-01' AS DATETIME), NULL),
(102, 'Checo', 34, 'Música desde Checo', 'Curso de música para hablantes de checo', CAST('2026-01-01' AS DATETIME), NULL),
(103, 'Chino', 1, 'Inglés desde Chino', 'Curso de inglés para hablantes de chino', CAST('2026-01-01' AS DATETIME), NULL),
(104, 'Chino', 8, 'Chino (cantonés) desde Chino', 'Curso de chino (cantonés) para hablantes de chino', CAST('2026-01-01' AS DATETIME), NULL),
(105, 'Chino', 7, 'Japonés desde Chino', 'Curso de japonés para hablantes de chino', CAST('2026-01-01' AS DATETIME), NULL),
(106, 'Chino', 9, 'Coreano desde Chino', 'Curso de coreano para hablantes de chino', CAST('2026-01-01' AS DATETIME), NULL),
(107, 'Chino', 31, 'Ajedrez desde Chino', 'Curso de ajedrez para hablantes de chino', CAST('2026-01-01' AS DATETIME), NULL),
(108, 'Chino', 33, 'Matemáticas desde Chino', 'Curso de matemáticas para hablantes de chino', CAST('2026-01-01' AS DATETIME), NULL),
(109, 'Chino', 34, 'Música desde Chino', 'Curso de música para hablantes de chino', CAST('2026-01-01' AS DATETIME), NULL),
(110, 'Chino', 3, 'Francés desde Chino', 'Curso de francés para hablantes de chino', CAST('2026-01-01' AS DATETIME), NULL),
(111, 'Chino', 6, 'Español desde Chino', 'Curso de español para hablantes de chino', CAST('2026-01-01' AS DATETIME), NULL),
(112, 'Chino', 4, 'Italiano desde Chino', 'Curso de italiano para hablantes de chino', CAST('2026-01-01' AS DATETIME), NULL),
(113, 'Chino', 2, 'Portugués desde Chino', 'Curso de portugués para hablantes de chino', CAST('2026-01-01' AS DATETIME), NULL),
(114, 'Chino', 5, 'Alemán desde Chino', 'Curso de alemán para hablantes de chino', CAST('2026-01-01' AS DATETIME), NULL),
(115, 'Coreano', 1, 'Inglés desde Coreano', 'Curso de inglés para hablantes de coreano', CAST('2026-01-01' AS DATETIME), NULL),
(116, 'Coreano', 6, 'Español desde Coreano', 'Curso de español para hablantes de coreano', CAST('2026-01-01' AS DATETIME), NULL),
(117, 'Coreano', 8, 'Chino desde Coreano', 'Curso de chino para hablantes de coreano', CAST('2026-01-01' AS DATETIME), NULL),
(118, 'Coreano', 4, 'Italiano desde Coreano', 'Curso de italiano para hablantes de coreano', CAST('2026-01-01' AS DATETIME), NULL),
(119, 'Coreano', 31, 'Ajedrez desde Coreano', 'Curso de ajedrez para hablantes de coreano', CAST('2026-01-01' AS DATETIME), NULL),
(120, 'Coreano', 3, 'Francés desde Coreano', 'Curso de francés para hablantes de coreano', CAST('2026-01-01' AS DATETIME), NULL),
(121, 'Coreano', 7, 'Japonés desde Coreano', 'Curso de japonés para hablantes de coreano', CAST('2026-01-01' AS DATETIME), NULL),
(122, 'Coreano', 5, 'Alemán desde Coreano', 'Curso de alemán para hablantes de coreano', CAST('2026-01-01' AS DATETIME), NULL),
(123, 'Coreano', 2, 'Portugués desde Coreano', 'Curso de portugués para hablantes de coreano', CAST('2026-01-01' AS DATETIME), NULL),
(124, 'Coreano', 33, 'Matemáticas desde Coreano', 'Curso de matemáticas para hablantes de coreano', CAST('2026-01-01' AS DATETIME), NULL),
(125, 'Coreano', 34, 'Música desde Coreano', 'Curso de música para hablantes de coreano', CAST('2026-01-01' AS DATETIME), NULL),
(126, 'Francés', 1, 'Inglés desde Francés', 'Curso de inglés para hablantes de francés', CAST('2026-01-01' AS DATETIME), NULL),
(127, 'Francés', 6, 'Español desde Francés', 'Curso de español para hablantes de francés', CAST('2026-01-01' AS DATETIME), NULL),
(128, 'Francés', 4, 'Italiano desde Francés', 'Curso de italiano para hablantes de francés', CAST('2026-01-01' AS DATETIME), NULL),
(129, 'Francés', 5, 'Alemán desde Francés', 'Curso de alemán para hablantes de francés', CAST('2026-01-01' AS DATETIME), NULL),
(130, 'Francés', 31, 'Ajedrez desde Francés', 'Curso de ajedrez para hablantes de francés', CAST('2026-01-01' AS DATETIME), NULL),
(131, 'Francés', 33, 'Matemáticas desde Francés', 'Curso de matemáticas para hablantes de francés', CAST('2026-01-01' AS DATETIME), NULL),
(132, 'Francés', 34, 'Música desde Francés', 'Curso de música para hablantes de francés', CAST('2026-01-01' AS DATETIME), NULL),
(133, 'Francés', 2, 'Portugués desde Francés', 'Curso de portugués para hablantes de francés', CAST('2026-01-01' AS DATETIME), NULL),
(134, 'Francés', 7, 'Japonés desde Francés', 'Curso de japonés para hablantes de francés', CAST('2026-01-01' AS DATETIME), NULL),
(135, 'Francés', 8, 'Chino desde Francés', 'Curso de chino para hablantes de francés', CAST('2026-01-01' AS DATETIME), NULL),
(136, 'Francés', 9, 'Coreano desde Francés', 'Curso de coreano para hablantes de francés', CAST('2026-01-01' AS DATETIME), NULL),
(137, 'Griego', 1, 'Inglés desde Griego', 'Curso de inglés para hablantes de griego', CAST('2026-01-01' AS DATETIME), NULL),
(138, 'Griego', 4, 'Italiano desde Griego', 'Curso de italiano para hablantes de griego', CAST('2026-01-01' AS DATETIME), NULL),
(139, 'Griego', 9, 'Coreano desde Griego', 'Curso de coreano para hablantes de griego', CAST('2026-01-01' AS DATETIME), NULL),
(140, 'Griego', 8, 'Chino desde Griego', 'Curso de chino para hablantes de griego', CAST('2026-01-01' AS DATETIME), NULL),
(141, 'Griego', 2, 'Portugués desde Griego', 'Curso de portugués para hablantes de griego', CAST('2026-01-01' AS DATETIME), NULL),
(142, 'Griego', 7, 'Japonés desde Griego', 'Curso de japonés para hablantes de griego', CAST('2026-01-01' AS DATETIME), NULL),
(143, 'Griego', 5, 'Alemán desde Griego', 'Curso de alemán para hablantes de griego', CAST('2026-01-01' AS DATETIME), NULL),
(144, 'Griego', 6, 'Español desde Griego', 'Curso de español para hablantes de griego', CAST('2026-01-01' AS DATETIME), NULL),
(145, 'Griego', 3, 'Francés desde Griego', 'Curso de francés para hablantes de griego', CAST('2026-01-01' AS DATETIME), NULL),
(146, 'Griego', 33, 'Matemáticas desde Griego', 'Curso de matemáticas para hablantes de griego', CAST('2026-01-01' AS DATETIME), NULL),
(147, 'Griego', 34, 'Música desde Griego', 'Curso de música para hablantes de griego', CAST('2026-01-01' AS DATETIME), NULL),
(148, 'Hindi', 1, 'Inglés desde Hindi', 'Curso de inglés para hablantes de hindi', CAST('2026-01-01' AS DATETIME), NULL),
(149, 'Hindi', 31, 'Ajedrez desde Hindi', 'Curso de ajedrez para hablantes de hindi', CAST('2026-01-01' AS DATETIME), NULL),
(150, 'Hindi', 33, 'Matemáticas desde Hindi', 'Curso de matemáticas para hablantes de hindi', CAST('2026-01-01' AS DATETIME), NULL),
(151, 'Hindi', 34, 'Música desde Hindi', 'Curso de música para hablantes de hindi', CAST('2026-01-01' AS DATETIME), NULL),
(152, 'Hindi', 2, 'Portugués desde Hindi', 'Curso de portugués para hablantes de hindi', CAST('2026-01-01' AS DATETIME), NULL),
(153, 'Hindi', 6, 'Español desde Hindi', 'Curso de español para hablantes de hindi', CAST('2026-01-01' AS DATETIME), NULL),
(154, 'Hindi', 8, 'Chino desde Hindi', 'Curso de chino para hablantes de hindi', CAST('2026-01-01' AS DATETIME), NULL),
(155, 'Hindi', 4, 'Italiano desde Hindi', 'Curso de italiano para hablantes de hindi', CAST('2026-01-01' AS DATETIME), NULL),
(156, 'Hindi', 7, 'Japonés desde Hindi', 'Curso de japonés para hablantes de hindi', CAST('2026-01-01' AS DATETIME), NULL),
(157, 'Hindi', 3, 'Francés desde Hindi', 'Curso de francés para hablantes de hindi', CAST('2026-01-01' AS DATETIME), NULL),
(158, 'Hindi', 9, 'Coreano desde Hindi', 'Curso de coreano para hablantes de hindi', CAST('2026-01-01' AS DATETIME), NULL),
(159, 'Hindi', 5, 'Alemán desde Hindi', 'Curso de alemán para hablantes de hindi', CAST('2026-01-01' AS DATETIME), NULL),
(160, 'Húngaro', 1, 'Inglés desde Húngaro', 'Curso de inglés para hablantes de húngaro', CAST('2026-01-01' AS DATETIME), NULL),
(161, 'Húngaro', 5, 'Alemán desde Húngaro', 'Curso de alemán para hablantes de húngaro', CAST('2026-01-01' AS DATETIME), NULL),
(162, 'Húngaro', 9, 'Coreano desde Húngaro', 'Curso de coreano para hablantes de húngaro', CAST('2026-01-01' AS DATETIME), NULL),
(163, 'Húngaro', 6, 'Español desde Húngaro', 'Curso de español para hablantes de húngaro', CAST('2026-01-01' AS DATETIME), NULL),
(164, 'Húngaro', 31, 'Ajedrez desde Húngaro', 'Curso de ajedrez para hablantes de húngaro', CAST('2026-01-01' AS DATETIME), NULL),
(165, 'Húngaro', 8, 'Chino desde Húngaro', 'Curso de chino para hablantes de húngaro', CAST('2026-01-01' AS DATETIME), NULL),
(166, 'Húngaro', 3, 'Francés desde Húngaro', 'Curso de francés para hablantes de húngaro', CAST('2026-01-01' AS DATETIME), NULL),
(167, 'Húngaro', 2, 'Portugués desde Húngaro', 'Curso de portugués para hablantes de húngaro', CAST('2026-01-01' AS DATETIME), NULL),
(168, 'Húngaro', 4, 'Italiano desde Húngaro', 'Curso de italiano para hablantes de húngaro', CAST('2026-01-01' AS DATETIME), NULL),
(169, 'Húngaro', 7, 'Japonés desde Húngaro', 'Curso de japonés para hablantes de húngaro', CAST('2026-01-01' AS DATETIME), NULL),
(170, 'Húngaro', 33, 'Matemáticas desde Húngaro', 'Curso de matemáticas para hablantes de húngaro', CAST('2026-01-01' AS DATETIME), NULL),
(171, 'Húngaro', 34, 'Música desde Húngaro', 'Curso de música para hablantes de húngaro', CAST('2026-01-01' AS DATETIME), NULL),
(172, 'Indonesio', 1, 'Inglés desde Indonesio', 'Curso de inglés para hablantes de indonesio', CAST('2026-01-01' AS DATETIME), NULL),
(173, 'Indonesio', 6, 'Español desde Indonesio', 'Curso de español para hablantes de indonesio', CAST('2026-01-01' AS DATETIME), NULL),
(174, 'Indonesio', 5, 'Alemán desde Indonesio', 'Curso de alemán para hablantes de indonesio', CAST('2026-01-01' AS DATETIME), NULL),
(175, 'Indonesio', 8, 'Chino desde Indonesio', 'Curso de chino para hablantes de indonesio', CAST('2026-01-01' AS DATETIME), NULL),
(176, 'Indonesio', 31, 'Ajedrez desde Indonesio', 'Curso de ajedrez para hablantes de indonesio', CAST('2026-01-01' AS DATETIME), NULL),
(177, 'Indonesio', 9, 'Coreano desde Indonesio', 'Curso de coreano para hablantes de indonesio', CAST('2026-01-01' AS DATETIME), NULL),
(178, 'Indonesio', 3, 'Francés desde Indonesio', 'Curso de francés para hablantes de indonesio', CAST('2026-01-01' AS DATETIME), NULL),
(179, 'Indonesio', 4, 'Italiano desde Indonesio', 'Curso de italiano para hablantes de indonesio', CAST('2026-01-01' AS DATETIME), NULL),
(180, 'Indonesio', 7, 'Japonés desde Indonesio', 'Curso de japonés para hablantes de indonesio', CAST('2026-01-01' AS DATETIME), NULL),
(181, 'Indonesio', 2, 'Portugués desde Indonesio', 'Curso de portugués para hablantes de indonesio', CAST('2026-01-01' AS DATETIME), NULL),
(182, 'Indonesio', 33, 'Matemáticas desde Indonesio', 'Curso de matemáticas para hablantes de indonesio', CAST('2026-01-01' AS DATETIME), NULL),
(183, 'Indonesio', 34, 'Música desde Indonesio', 'Curso de música para hablantes de indonesio', CAST('2026-01-01' AS DATETIME), NULL),
(184, 'Italiano', 1, 'Inglés desde Italiano', 'Curso de inglés para hablantes de italiano', CAST('2026-01-01' AS DATETIME), NULL),
(185, 'Italiano', 3, 'Francés desde Italiano', 'Curso de francés para hablantes de italiano', CAST('2026-01-01' AS DATETIME), NULL),
(186, 'Italiano', 5, 'Alemán desde Italiano', 'Curso de alemán para hablantes de italiano', CAST('2026-01-01' AS DATETIME), NULL),
(187, 'Italiano', 6, 'Español desde Italiano', 'Curso de español para hablantes de italiano', CAST('2026-01-01' AS DATETIME), NULL),
(188, 'Italiano', 31, 'Ajedrez desde Italiano', 'Curso de ajedrez para hablantes de italiano', CAST('2026-01-01' AS DATETIME), NULL),
(189, 'Italiano', 7, 'Japonés desde Italiano', 'Curso de japonés para hablantes de italiano', CAST('2026-01-01' AS DATETIME), NULL),
(190, 'Italiano', 9, 'Coreano desde Italiano', 'Curso de coreano para hablantes de italiano', CAST('2026-01-01' AS DATETIME), NULL),
(191, 'Italiano', 2, 'Portugués desde Italiano', 'Curso de portugués para hablantes de italiano', CAST('2026-01-01' AS DATETIME), NULL),
(192, 'Italiano', 8, 'Chino desde Italiano', 'Curso de chino para hablantes de italiano', CAST('2026-01-01' AS DATETIME), NULL),
(193, 'Italiano', 33, 'Matemáticas desde Italiano', 'Curso de matemáticas para hablantes de italiano', CAST('2026-01-01' AS DATETIME), NULL),
(194, 'Italiano', 34, 'Música desde Italiano', 'Curso de música para hablantes de italiano', CAST('2026-01-01' AS DATETIME), NULL),
(195, 'Japonés', 1, 'Inglés desde Japonés', 'Curso de inglés para hablantes de japonés', CAST('2026-01-01' AS DATETIME), NULL),
(196, 'Japonés', 9, 'Coreano desde Japonés', 'Curso de coreano para hablantes de japonés', CAST('2026-01-01' AS DATETIME), NULL),
(197, 'Japonés', 31, 'Ajedrez desde Japonés', 'Curso de ajedrez para hablantes de japonés', CAST('2026-01-01' AS DATETIME), NULL),
(198, 'Japonés', 33, 'Matemáticas desde Japonés', 'Curso de matemáticas para hablantes de japonés', CAST('2026-01-01' AS DATETIME), NULL),
(199, 'Japonés', 34, 'Música desde Japonés', 'Curso de música para hablantes de japonés', CAST('2026-01-01' AS DATETIME), NULL),
(200, 'Japonés', 8, 'Chino desde Japonés', 'Curso de chino para hablantes de japonés', CAST('2026-01-01' AS DATETIME), NULL),
(201, 'Japonés', 3, 'Francés desde Japonés', 'Curso de francés para hablantes de japonés', CAST('2026-01-01' AS DATETIME), NULL),
(202, 'Japonés', 5, 'Alemán desde Japonés', 'Curso de alemán para hablantes de japonés', CAST('2026-01-01' AS DATETIME), NULL),
(203, 'Japonés', 2, 'Portugués desde Japonés', 'Curso de portugués para hablantes de japonés', CAST('2026-01-01' AS DATETIME), NULL),
(204, 'Japonés', 4, 'Italiano desde Japonés', 'Curso de italiano para hablantes de japonés', CAST('2026-01-01' AS DATETIME), NULL),
(205, 'Japonés', 6, 'Español desde Japonés', 'Curso de español para hablantes de japonés', CAST('2026-01-01' AS DATETIME), NULL),
(206, 'Neerlandés', 1, 'Inglés desde Neerlandés', 'Curso de inglés para hablantes de neerlandés', CAST('2026-01-01' AS DATETIME), NULL),
(207, 'Neerlandés', 5, 'Alemán desde Neerlandés', 'Curso de alemán para hablantes de neerlandés', CAST('2026-01-01' AS DATETIME), NULL),
(208, 'Neerlandés', 3, 'Francés desde Neerlandés', 'Curso de francés para hablantes de neerlandés', CAST('2026-01-01' AS DATETIME), NULL),
(209, 'Neerlandés', 6, 'Español desde Neerlandés', 'Curso de español para hablantes de neerlandés', CAST('2026-01-01' AS DATETIME), NULL),
(210, 'Neerlandés', 31, 'Ajedrez desde Neerlandés', 'Curso de ajedrez para hablantes de neerlandés', CAST('2026-01-01' AS DATETIME), NULL),
(211, 'Neerlandés', 4, 'Italiano desde Neerlandés', 'Curso de italiano para hablantes de neerlandés', CAST('2026-01-01' AS DATETIME), NULL),
(212, 'Neerlandés', 2, 'Portugués desde Neerlandés', 'Curso de portugués para hablantes de neerlandés', CAST('2026-01-01' AS DATETIME), NULL),
(213, 'Neerlandés', 8, 'Chino desde Neerlandés', 'Curso de chino para hablantes de neerlandés', CAST('2026-01-01' AS DATETIME), NULL),
(214, 'Neerlandés', 7, 'Japonés desde Neerlandés', 'Curso de japonés para hablantes de neerlandés', CAST('2026-01-01' AS DATETIME), NULL),
(215, 'Neerlandés', 9, 'Coreano desde Neerlandés', 'Curso de coreano para hablantes de neerlandés', CAST('2026-01-01' AS DATETIME), NULL),
(216, 'Neerlandés', 33, 'Matemáticas desde Neerlandés', 'Curso de matemáticas para hablantes de neerlandés', CAST('2026-01-01' AS DATETIME), NULL),
(217, 'Neerlandés', 34, 'Música desde Neerlandés', 'Curso de música para hablantes de neerlandés', CAST('2026-01-01' AS DATETIME), NULL),
(218, 'Polaco', 1, 'Inglés desde Polaco', 'Curso de inglés para hablantes de polaco', CAST('2026-01-01' AS DATETIME), NULL),
(219, 'Polaco', 3, 'Francés desde Polaco', 'Curso de francés para hablantes de polaco', CAST('2026-01-01' AS DATETIME), NULL),
(220, 'Polaco', 8, 'Chino desde Polaco', 'Curso de chino para hablantes de polaco', CAST('2026-01-01' AS DATETIME), NULL),
(221, 'Polaco', 6, 'Español desde Polaco', 'Curso de español para hablantes de polaco', CAST('2026-01-01' AS DATETIME), NULL),
(222, 'Polaco', 31, 'Ajedrez desde Polaco', 'Curso de ajedrez para hablantes de polaco', CAST('2026-01-01' AS DATETIME), NULL),
(223, 'Polaco', 9, 'Coreano desde Polaco', 'Curso de coreano para hablantes de polaco', CAST('2026-01-01' AS DATETIME), NULL),
(224, 'Polaco', 5, 'Alemán desde Polaco', 'Curso de alemán para hablantes de polaco', CAST('2026-01-01' AS DATETIME), NULL),
(225, 'Polaco', 7, 'Japonés desde Polaco', 'Curso de japonés para hablantes de polaco', CAST('2026-01-01' AS DATETIME), NULL),
(226, 'Polaco', 2, 'Portugués desde Polaco', 'Curso de portugués para hablantes de polaco', CAST('2026-01-01' AS DATETIME), NULL),
(227, 'Polaco', 4, 'Italiano desde Polaco', 'Curso de italiano para hablantes de polaco', CAST('2026-01-01' AS DATETIME), NULL),
(228, 'Polaco', 33, 'Matemáticas desde Polaco', 'Curso de matemáticas para hablantes de polaco', CAST('2026-01-01' AS DATETIME), NULL),
(229, 'Polaco', 34, 'Música desde Polaco', 'Curso de música para hablantes de polaco', CAST('2026-01-01' AS DATETIME), NULL),
(230, 'Portugués', 1, 'Inglés desde Portugués', 'Curso de inglés para hablantes de portugués', CAST('2026-01-01' AS DATETIME), NULL),
(231, 'Portugués', 6, 'Español desde Portugués', 'Curso de español para hablantes de portugués', CAST('2026-01-01' AS DATETIME), NULL),
(232, 'Portugués', 3, 'Francés desde Portugués', 'Curso de francés para hablantes de portugués', CAST('2026-01-01' AS DATETIME), NULL),
(233, 'Portugués', 4, 'Italiano desde Portugués', 'Curso de italiano para hablantes de portugués', CAST('2026-01-01' AS DATETIME), NULL),
(234, 'Portugués', 31, 'Ajedrez desde Portugués', 'Curso de ajedrez para hablantes de portugués', CAST('2026-01-01' AS DATETIME), NULL),
(235, 'Portugués', 33, 'Matemáticas desde Portugués', 'Curso de matemáticas para hablantes de portugués', CAST('2026-01-01' AS DATETIME), NULL),
(236, 'Portugués', 34, 'Música desde Portugués', 'Curso de música para hablantes de portugués', CAST('2026-01-01' AS DATETIME), NULL),
(237, 'Portugués', 5, 'Alemán desde Portugués', 'Curso de alemán para hablantes de portugués', CAST('2026-01-01' AS DATETIME), NULL),
(238, 'Portugués', 9, 'Coreano desde Portugués', 'Curso de coreano para hablantes de portugués', CAST('2026-01-01' AS DATETIME), NULL),
(239, 'Portugués', 7, 'Japonés desde Portugués', 'Curso de japonés para hablantes de portugués', CAST('2026-01-01' AS DATETIME), NULL),
(240, 'Portugués', 8, 'Chino desde Portugués', 'Curso de chino para hablantes de portugués', CAST('2026-01-01' AS DATETIME), NULL),
(241, 'Rumano', 1, 'Inglés desde Rumano', 'Curso de inglés para hablantes de rumano', CAST('2026-01-01' AS DATETIME), NULL),
(242, 'Rumano', 6, 'Español desde Rumano', 'Curso de español para hablantes de rumano', CAST('2026-01-01' AS DATETIME), NULL),
(243, 'Rumano', 9, 'Coreano desde Rumano', 'Curso de coreano para hablantes de rumano', CAST('2026-01-01' AS DATETIME), NULL),
(244, 'Rumano', 4, 'Italiano desde Rumano', 'Curso de italiano para hablantes de rumano', CAST('2026-01-01' AS DATETIME), NULL),
(245, 'Rumano', 3, 'Francés desde Rumano', 'Curso de francés para hablantes de rumano', CAST('2026-01-01' AS DATETIME), NULL),
(246, 'Rumano', 5, 'Alemán desde Rumano', 'Curso de alemán para hablantes de rumano', CAST('2026-01-01' AS DATETIME), NULL),
(247, 'Rumano', 8, 'Chino desde Rumano', 'Curso de chino para hablantes de rumano', CAST('2026-01-01' AS DATETIME), NULL),
(248, 'Rumano', 7, 'Japonés desde Rumano', 'Curso de japonés para hablantes de rumano', CAST('2026-01-01' AS DATETIME), NULL),
(249, 'Rumano', 2, 'Portugués desde Rumano', 'Curso de portugués para hablantes de rumano', CAST('2026-01-01' AS DATETIME), NULL),
(250, 'Rumano', 33, 'Matemáticas desde Rumano', 'Curso de matemáticas para hablantes de rumano', CAST('2026-01-01' AS DATETIME), NULL),
(251, 'Rumano', 34, 'Música desde Rumano', 'Curso de música para hablantes de rumano', CAST('2026-01-01' AS DATETIME), NULL),
(252, 'Ruso', 1, 'Inglés desde Ruso', 'Curso de inglés para hablantes de ruso', CAST('2026-01-01' AS DATETIME), NULL),
(253, 'Ruso', 5, 'Alemán desde Ruso', 'Curso de alemán para hablantes de ruso', CAST('2026-01-01' AS DATETIME), NULL),
(254, 'Ruso', 6, 'Español desde Ruso', 'Curso de español para hablantes de ruso', CAST('2026-01-01' AS DATETIME), NULL),
(255, 'Ruso', 3, 'Francés desde Ruso', 'Curso de francés para hablantes de ruso', CAST('2026-01-01' AS DATETIME), NULL),
(256, 'Ruso', 31, 'Ajedrez desde Ruso', 'Curso de ajedrez para hablantes de ruso', CAST('2026-01-01' AS DATETIME), NULL),
(257, 'Ruso', 8, 'Chino desde Ruso', 'Curso de chino para hablantes de ruso', CAST('2026-01-01' AS DATETIME), NULL),
(258, 'Ruso', 2, 'Portugués desde Ruso', 'Curso de portugués para hablantes de ruso', CAST('2026-01-01' AS DATETIME), NULL),
(259, 'Ruso', 7, 'Japonés desde Ruso', 'Curso de japonés para hablantes de ruso', CAST('2026-01-01' AS DATETIME), NULL),
(260, 'Ruso', 9, 'Coreano desde Ruso', 'Curso de coreano para hablantes de ruso', CAST('2026-01-01' AS DATETIME), NULL),
(261, 'Ruso', 4, 'Italiano desde Ruso', 'Curso de italiano para hablantes de ruso', CAST('2026-01-01' AS DATETIME), NULL),
(262, 'Ruso', 33, 'Matemáticas desde Ruso', 'Curso de matemáticas para hablantes de ruso', CAST('2026-01-01' AS DATETIME), NULL),
(263, 'Ruso', 34, 'Música desde Ruso', 'Curso de música para hablantes de ruso', CAST('2026-01-01' AS DATETIME), NULL),
(264, 'Sueco', 1, 'Inglés desde Sueco', 'Curso de inglés para hablantes de sueco', CAST('2026-01-01' AS DATETIME), NULL),
(265, 'Sueco', 4, 'Italiano desde Sueco', 'Curso de italiano para hablantes de sueco', CAST('2026-01-01' AS DATETIME), NULL),
(266, 'Sueco', 8, 'Chino desde Sueco', 'Curso de chino para hablantes de sueco', CAST('2026-01-01' AS DATETIME), NULL),
(267, 'Sueco', 7, 'Japonés desde Sueco', 'Curso de japonés para hablantes de sueco', CAST('2026-01-01' AS DATETIME), NULL),
(268, 'Sueco', 31, 'Ajedrez desde Sueco', 'Curso de ajedrez para hablantes de sueco', CAST('2026-01-01' AS DATETIME), NULL),
(269, 'Sueco', 3, 'Francés desde Sueco', 'Curso de francés para hablantes de sueco', CAST('2026-01-01' AS DATETIME), NULL),
(270, 'Sueco', 6, 'Español desde Sueco', 'Curso de español para hablantes de sueco', CAST('2026-01-01' AS DATETIME), NULL),
(271, 'Sueco', 5, 'Alemán desde Sueco', 'Curso de alemán para hablantes de sueco', CAST('2026-01-01' AS DATETIME), NULL),
(272, 'Sueco', 2, 'Portugués desde Sueco', 'Curso de portugués para hablantes de sueco', CAST('2026-01-01' AS DATETIME), NULL),
(273, 'Sueco', 9, 'Coreano desde Sueco', 'Curso de coreano para hablantes de sueco', CAST('2026-01-01' AS DATETIME), NULL),
(274, 'Sueco', 33, 'Matemáticas desde Sueco', 'Curso de matemáticas para hablantes de sueco', CAST('2026-01-01' AS DATETIME), NULL),
(275, 'Sueco', 34, 'Música desde Sueco', 'Curso de música para hablantes de sueco', CAST('2026-01-01' AS DATETIME), NULL),
(276, 'Tagalo', 1, 'Inglés desde Tagalo', 'Curso de inglés para hablantes de tagalo', CAST('2026-01-01' AS DATETIME), NULL),
(277, 'Tagalo', 9, 'Coreano desde Tagalo', 'Curso de coreano para hablantes de tagalo', CAST('2026-01-01' AS DATETIME), NULL),
(278, 'Tagalo', 8, 'Chino desde Tagalo', 'Curso de chino para hablantes de tagalo', CAST('2026-01-01' AS DATETIME), NULL),
(279, 'Tagalo', 7, 'Japonés desde Tagalo', 'Curso de japonés para hablantes de tagalo', CAST('2026-01-01' AS DATETIME), NULL),
(280, 'Tagalo', 3, 'Francés desde Tagalo', 'Curso de francés para hablantes de tagalo', CAST('2026-01-01' AS DATETIME), NULL),
(281, 'Tagalo', 6, 'Español desde Tagalo', 'Curso de español para hablantes de tagalo', CAST('2026-01-01' AS DATETIME), NULL),
(282, 'Tagalo', 2, 'Portugués desde Tagalo', 'Curso de portugués para hablantes de tagalo', CAST('2026-01-01' AS DATETIME), NULL),
(283, 'Tagalo', 5, 'Alemán desde Tagalo', 'Curso de alemán para hablantes de tagalo', CAST('2026-01-01' AS DATETIME), NULL),
(284, 'Tagalo', 4, 'Italiano desde Tagalo', 'Curso de italiano para hablantes de tagalo', CAST('2026-01-01' AS DATETIME), NULL),
(285, 'Tagalo', 33, 'Matemáticas desde Tagalo', 'Curso de matemáticas para hablantes de tagalo', CAST('2026-01-01' AS DATETIME), NULL),
(286, 'Tagalo', 34, 'Música desde Tagalo', 'Curso de música para hablantes de tagalo', CAST('2026-01-01' AS DATETIME), NULL),
(287, 'Tailandés', 1, 'Inglés desde Tailandés', 'Curso de inglés para hablantes de tailandés', CAST('2026-01-01' AS DATETIME), NULL),
(288, 'Tailandés', 3, 'Francés desde Tailandés', 'Curso de francés para hablantes de tailandés', CAST('2026-01-01' AS DATETIME), NULL),
(289, 'Tailandés', 7, 'Japonés desde Tailandés', 'Curso de japonés para hablantes de tailandés', CAST('2026-01-01' AS DATETIME), NULL),
(290, 'Tailandés', 2, 'Portugués desde Tailandés', 'Curso de portugués para hablantes de tailandés', CAST('2026-01-01' AS DATETIME), NULL),
(291, 'Tailandés', 8, 'Chino desde Tailandés', 'Curso de chino para hablantes de tailandés', CAST('2026-01-01' AS DATETIME), NULL),
(292, 'Tailandés', 9, 'Coreano desde Tailandés', 'Curso de coreano para hablantes de tailandés', CAST('2026-01-01' AS DATETIME), NULL),
(293, 'Tailandés', 4, 'Italiano desde Tailandés', 'Curso de italiano para hablantes de tailandés', CAST('2026-01-01' AS DATETIME), NULL),
(294, 'Tailandés', 6, 'Español desde Tailandés', 'Curso de español para hablantes de tailandés', CAST('2026-01-01' AS DATETIME), NULL),
(295, 'Tailandés', 5, 'Alemán desde Tailandés', 'Curso de alemán para hablantes de tailandés', CAST('2026-01-01' AS DATETIME), NULL),
(296, 'Tailandés', 33, 'Matemáticas desde Tailandés', 'Curso de matemáticas para hablantes de tailandés', CAST('2026-01-01' AS DATETIME), NULL),
(297, 'Tailandés', 34, 'Música desde Tailandés', 'Curso de música para hablantes de tailandés', CAST('2026-01-01' AS DATETIME), NULL),
(298, 'Tamil', 1, 'Inglés desde Tamil', 'Curso de inglés para hablantes de tamil', CAST('2026-01-01' AS DATETIME), NULL),
(299, 'Tamil', 6, 'Español desde Tamil', 'Curso de español para hablantes de tamil', CAST('2026-01-01' AS DATETIME), NULL),
(300, 'Tamil', 7, 'Japonés desde Tamil', 'Curso de japonés para hablantes de tamil', CAST('2026-01-01' AS DATETIME), NULL),
(301, 'Tamil', 4, 'Italiano desde Tamil', 'Curso de italiano para hablantes de tamil', CAST('2026-01-01' AS DATETIME), NULL),
(302, 'Tamil', 9, 'Coreano desde Tamil', 'Curso de coreano para hablantes de tamil', CAST('2026-01-01' AS DATETIME), NULL),
(303, 'Tamil', 5, 'Alemán desde Tamil', 'Curso de alemán para hablantes de tamil', CAST('2026-01-01' AS DATETIME), NULL),
(304, 'Tamil', 8, 'Chino desde Tamil', 'Curso de chino para hablantes de tamil', CAST('2026-01-01' AS DATETIME), NULL),
(305, 'Tamil', 2, 'Portugués desde Tamil', 'Curso de portugués para hablantes de tamil', CAST('2026-01-01' AS DATETIME), NULL),
(306, 'Tamil', 3, 'Francés desde Tamil', 'Curso de francés para hablantes de tamil', CAST('2026-01-01' AS DATETIME), NULL),
(307, 'Tamil', 33, 'Matemáticas desde Tamil', 'Curso de matemáticas para hablantes de tamil', CAST('2026-01-01' AS DATETIME), NULL),
(308, 'Tamil', 34, 'Música desde Tamil', 'Curso de música para hablantes de tamil', CAST('2026-01-01' AS DATETIME), NULL),
(309, 'Telugu', 1, 'Inglés desde Telugu', 'Curso de inglés para hablantes de telugu', CAST('2026-01-01' AS DATETIME), NULL),
(310, 'Telugu', 2, 'Portugués desde Telugu', 'Curso de portugués para hablantes de telugu', CAST('2026-01-01' AS DATETIME), NULL),
(311, 'Telugu', 5, 'Alemán desde Telugu', 'Curso de alemán para hablantes de telugu', CAST('2026-01-01' AS DATETIME), NULL),
(312, 'Telugu', 9, 'Coreano desde Telugu', 'Curso de coreano para hablantes de telugu', CAST('2026-01-01' AS DATETIME), NULL),
(313, 'Telugu', 6, 'Español desde Telugu', 'Curso de español para hablantes de telugu', CAST('2026-01-01' AS DATETIME), NULL),
(314, 'Telugu', 8, 'Chino desde Telugu', 'Curso de chino para hablantes de telugu', CAST('2026-01-01' AS DATETIME), NULL),
(315, 'Telugu', 7, 'Japonés desde Telugu', 'Curso de japonés para hablantes de telugu', CAST('2026-01-01' AS DATETIME), NULL),
(316, 'Telugu', 3, 'Francés desde Telugu', 'Curso de francés para hablantes de telugu', CAST('2026-01-01' AS DATETIME), NULL),
(317, 'Telugu', 4, 'Italiano desde Telugu', 'Curso de italiano para hablantes de telugu', CAST('2026-01-01' AS DATETIME), NULL),
(318, 'Telugu', 33, 'Matemáticas desde Telugu', 'Curso de matemáticas para hablantes de telugu', CAST('2026-01-01' AS DATETIME), NULL),
(319, 'Telugu', 34, 'Música desde Telugu', 'Curso de música para hablantes de telugu', CAST('2026-01-01' AS DATETIME), NULL),
(320, 'Turco', 1, 'Inglés desde Turco', 'Curso de inglés para hablantes de turco', CAST('2026-01-01' AS DATETIME), NULL),
(321, 'Turco', 5, 'Alemán desde Turco', 'Curso de alemán para hablantes de turco', CAST('2026-01-01' AS DATETIME), NULL),
(322, 'Turco', 10, 'Ruso desde Turco', 'Curso de ruso para hablantes de turco', CAST('2026-01-01' AS DATETIME), NULL),
(323, 'Turco', 8, 'Chino desde Turco', 'Curso de chino para hablantes de turco', CAST('2026-01-01' AS DATETIME), NULL),
(324, 'Turco', 31, 'Ajedrez desde Turco', 'Curso de ajedrez para hablantes de turco', CAST('2026-01-01' AS DATETIME), NULL),
(325, 'Turco', 3, 'Francés desde Turco', 'Curso de francés para hablantes de turco', CAST('2026-01-01' AS DATETIME), NULL),
(326, 'Turco', 4, 'Italiano desde Turco', 'Curso de italiano para hablantes de turco', CAST('2026-01-01' AS DATETIME), NULL),
(327, 'Turco', 9, 'Coreano desde Turco', 'Curso de coreano para hablantes de turco', CAST('2026-01-01' AS DATETIME), NULL),
(328, 'Turco', 7, 'Japonés desde Turco', 'Curso de japonés para hablantes de turco', CAST('2026-01-01' AS DATETIME), NULL),
(329, 'Turco', 2, 'Portugués desde Turco', 'Curso de portugués para hablantes de turco', CAST('2026-01-01' AS DATETIME), NULL),
(330, 'Turco', 6, 'Español desde Turco', 'Curso de español para hablantes de turco', CAST('2026-01-01' AS DATETIME), NULL),
(331, 'Turco', 33, 'Matemáticas desde Turco', 'Curso de matemáticas para hablantes de turco', CAST('2026-01-01' AS DATETIME), NULL),
(332, 'Turco', 34, 'Música desde Turco', 'Curso de música para hablantes de turco', CAST('2026-01-01' AS DATETIME), NULL),
(333, 'Ucraniano', 1, 'Inglés desde Ucraniano', 'Curso de inglés para hablantes de ucraniano', CAST('2026-01-01' AS DATETIME), NULL),
(334, 'Ucraniano', 5, 'Alemán desde Ucraniano', 'Curso de alemán para hablantes de ucraniano', CAST('2026-01-01' AS DATETIME), NULL),
(335, 'Ucraniano', 4, 'Italiano desde Ucraniano', 'Curso de italiano para hablantes de ucraniano', CAST('2026-01-01' AS DATETIME), NULL),
(336, 'Ucraniano', 9, 'Coreano desde Ucraniano', 'Curso de coreano para hablantes de ucraniano', CAST('2026-01-01' AS DATETIME), NULL),
(337, 'Ucraniano', 8, 'Chino desde Ucraniano', 'Curso de chino para hablantes de ucraniano', CAST('2026-01-01' AS DATETIME), NULL),
(338, 'Ucraniano', 7, 'Japonés desde Ucraniano', 'Curso de japonés para hablantes de ucraniano', CAST('2026-01-01' AS DATETIME), NULL),
(339, 'Ucraniano', 6, 'Español desde Ucraniano', 'Curso de español para hablantes de ucraniano', CAST('2026-01-01' AS DATETIME), NULL),
(340, 'Ucraniano', 2, 'Portugués desde Ucraniano', 'Curso de portugués para hablantes de ucraniano', CAST('2026-01-01' AS DATETIME), NULL),
(341, 'Ucraniano', 3, 'Francés desde Ucraniano', 'Curso de francés para hablantes de ucraniano', CAST('2026-01-01' AS DATETIME), NULL),
(342, 'Ucraniano', 33, 'Matemáticas desde Ucraniano', 'Curso de matemáticas para hablantes de ucraniano', CAST('2026-01-01' AS DATETIME), NULL),
(343, 'Ucraniano', 34, 'Música desde Ucraniano', 'Curso de música para hablantes de ucraniano', CAST('2026-01-01' AS DATETIME), NULL),
(344, 'Vietnamita', 1, 'Inglés desde Vietnamita', 'Curso de inglés para hablantes de vietnamita', CAST('2026-01-01' AS DATETIME), NULL),
(345, 'Vietnamita', 8, 'Chino desde Vietnamita', 'Curso de chino para hablantes de vietnamita', CAST('2026-01-01' AS DATETIME), NULL),
(346, 'Vietnamita', 31, 'Ajedrez desde Vietnamita', 'Curso de ajedrez para hablantes de vietnamita', CAST('2026-01-01' AS DATETIME), NULL),
(347, 'Vietnamita', 33, 'Matemáticas desde Vietnamita', 'Curso de matemáticas para hablantes de vietnamita', CAST('2026-01-01' AS DATETIME), NULL),
(348, 'Vietnamita', 34, 'Música desde Vietnamita', 'Curso de música para hablantes de vietnamita', CAST('2026-01-01' AS DATETIME), NULL),
(349, 'Vietnamita', 4, 'Italiano desde Vietnamita', 'Curso de italiano para hablantes de vietnamita', CAST('2026-01-01' AS DATETIME), NULL),
(350, 'Vietnamita', 3, 'Francés desde Vietnamita', 'Curso de francés para hablantes de vietnamita', CAST('2026-01-01' AS DATETIME), NULL),
(351, 'Vietnamita', 9, 'Coreano desde Vietnamita', 'Curso de coreano para hablantes de vietnamita', CAST('2026-01-01' AS DATETIME), NULL),
(352, 'Vietnamita', 7, 'Japonés desde Vietnamita', 'Curso de japonés para hablantes de vietnamita', CAST('2026-01-01' AS DATETIME), NULL),
(353, 'Vietnamita', 2, 'Portugués desde Vietnamita', 'Curso de portugués para hablantes de vietnamita', CAST('2026-01-01' AS DATETIME), NULL),
(354, 'Vietnamita', 6, 'Español desde Vietnamita', 'Curso de español para hablantes de vietnamita', CAST('2026-01-01' AS DATETIME), NULL),
(355, 'Vietnamita', 5, 'Alemán desde Vietnamita', 'Curso de alemán para hablantes de vietnamita', CAST('2026-01-01' AS DATETIME), NULL);
GO

-- NIVEL (1775 niveles - 5 niveles por curso)
INSERT INTO nivel (id_nivel, id_curso, nombre, descripcion, fecha_alta, fecha_baja) VALUES
(1, 1, 'Nivel 1', 'Alfabeto y saludos', CAST('2026-01-01' AS DATETIME), NULL),
(2, 1, 'Nivel 2', 'Vocabulario básico', CAST('2026-01-01' AS DATETIME), NULL),
(3, 1, 'Nivel 3', 'Gramática intermedia', CAST('2026-01-01' AS DATETIME), NULL),
(4, 1, 'Nivel 4', 'Conversación avanzada', CAST('2026-01-01' AS DATETIME), NULL),
(5, 1, 'Nivel 5', 'Fluidez nativa', CAST('2026-01-01' AS DATETIME), NULL),
(6, 2, 'Nivel 1', 'Alfabeto y saludos', CAST('2026-01-01' AS DATETIME), NULL),
(7, 2, 'Nivel 2', 'Vocabulario básico', CAST('2026-01-01' AS DATETIME), NULL),
(8, 2, 'Nivel 3', 'Gramática intermedia', CAST('2026-01-01' AS DATETIME), NULL),
(9, 2, 'Nivel 4', 'Conversación avanzada', CAST('2026-01-01' AS DATETIME), NULL),
(10, 2, 'Nivel 5', 'Fluidez nativa', CAST('2026-01-01' AS DATETIME), NULL),
(11, 3, 'Nivel 1', 'Alfabeto y saludos', CAST('2026-01-01' AS DATETIME), NULL),
(12, 3, 'Nivel 2', 'Vocabulario básico', CAST('2026-01-01' AS DATETIME), NULL),
(13, 3, 'Nivel 3', 'Gramática intermedia', CAST('2026-01-01' AS DATETIME), NULL),
(14, 3, 'Nivel 4', 'Conversación avanzada', CAST('2026-01-01' AS DATETIME), NULL),
(15, 3, 'Nivel 5', 'Fluidez nativa', CAST('2026-01-01' AS DATETIME), NULL),
(16, 4, 'Nivel 1', 'Alfabeto y saludos', CAST('2026-01-01' AS DATETIME), NULL),
(17, 4, 'Nivel 2', 'Vocabulario básico', CAST('2026-01-01' AS DATETIME), NULL),
(18, 4, 'Nivel 3', 'Gramática intermedia', CAST('2026-01-01' AS DATETIME), NULL),
(19, 4, 'Nivel 4', 'Conversación avanzada', CAST('2026-01-01' AS DATETIME), NULL),
(20, 4, 'Nivel 5', 'Fluidez nativa', CAST('2026-01-01' AS DATETIME), NULL),
(21, 5, 'Nivel 1', 'Alfabeto y saludos', CAST('2026-01-01' AS DATETIME), NULL),
(22, 5, 'Nivel 2', 'Vocabulario básico', CAST('2026-01-01' AS DATETIME), NULL),
(23, 5, 'Nivel 3', 'Gramática intermedia', CAST('2026-01-01' AS DATETIME), NULL),
(24, 5, 'Nivel 4', 'Conversación avanzada', CAST('2026-01-01' AS DATETIME), NULL),
(25, 5, 'Nivel 5', 'Fluidez nativa', CAST('2026-01-01' AS DATETIME), NULL),
(26, 6, 'Nivel 1', 'Alfabeto y saludos', CAST('2026-01-01' AS DATETIME), NULL),
(27, 6, 'Nivel 2', 'Vocabulario básico', CAST('2026-01-01' AS DATETIME), NULL),
(28, 6, 'Nivel 3', 'Gramática intermedia', CAST('2026-01-01' AS DATETIME), NULL),
(29, 6, 'Nivel 4', 'Conversación avanzada', CAST('2026-01-01' AS DATETIME), NULL),
(30, 6, 'Nivel 5', 'Fluidez nativa', CAST('2026-01-01' AS DATETIME), NULL),
(31, 7, 'Nivel 1', 'Alfabeto y saludos', CAST('2026-01-01' AS DATETIME), NULL),
(32, 7, 'Nivel 2', 'Vocabulario básico', CAST('2026-01-01' AS DATETIME), NULL),
(33, 7, 'Nivel 3', 'Gramática intermedia', CAST('2026-01-01' AS DATETIME), NULL),
(34, 7, 'Nivel 4', 'Conversación avanzada', CAST('2026-01-01' AS DATETIME), NULL),
(35, 7, 'Nivel 5', 'Fluidez nativa', CAST('2026-01-01' AS DATETIME), NULL),
(36, 8, 'Nivel 1', 'Alfabeto y saludos', CAST('2026-01-01' AS DATETIME), NULL),
(37, 8, 'Nivel 2', 'Vocabulario básico', CAST('2026-01-01' AS DATETIME), NULL),
(38, 8, 'Nivel 3', 'Gramática intermedia', CAST('2026-01-01' AS DATETIME), NULL),
(39, 8, 'Nivel 4', 'Conversación avanzada', CAST('2026-01-01' AS DATETIME), NULL),
(40, 8, 'Nivel 5', 'Fluidez nativa', CAST('2026-01-01' AS DATETIME), NULL),
(41, 9, 'Nivel 1', 'Alfabeto y saludos', CAST('2026-01-01' AS DATETIME), NULL),
(42, 9, 'Nivel 2', 'Vocabulario básico', CAST('2026-01-01' AS DATETIME), NULL),
(43, 9, 'Nivel 3', 'Gramática intermedia', CAST('2026-01-01' AS DATETIME), NULL),
(44, 9, 'Nivel 4', 'Conversación avanzada', CAST('2026-01-01' AS DATETIME), NULL),
(45, 9, 'Nivel 5', 'Fluidez nativa', CAST('2026-01-01' AS DATETIME), NULL),
(46, 10, 'Nivel 1', 'Alfabeto y saludos', CAST('2026-01-01' AS DATETIME), NULL),
(47, 10, 'Nivel 2', 'Vocabulario básico', CAST('2026-01-01' AS DATETIME), NULL),
(48, 10, 'Nivel 3', 'Gramática intermedia', CAST('2026-01-01' AS DATETIME), NULL),
(49, 10, 'Nivel 4', 'Conversación avanzada', CAST('2026-01-01' AS DATETIME), NULL),
(50, 10, 'Nivel 5', 'Fluidez nativa', CAST('2026-01-01' AS DATETIME), NULL),
(51, 11, 'Nivel 1', 'Alfabeto y saludos', CAST('2026-01-01' AS DATETIME), NULL),
(52, 11, 'Nivel 2', 'Vocabulario básico', CAST('2026-01-01' AS DATETIME), NULL),
(53, 11, 'Nivel 3', 'Gramática intermedia', CAST('2026-01-01' AS DATETIME), NULL),
(54, 11, 'Nivel 4', 'Conversación avanzada', CAST('2026-01-01' AS DATETIME), NULL),
(55, 11, 'Nivel 5', 'Fluidez nativa', CAST('2026-01-01' AS DATETIME), NULL),
(56, 12, 'Nivel 1', 'Alfabeto y saludos', CAST('2026-01-01' AS DATETIME), NULL),
(57, 12, 'Nivel 2', 'Vocabulario básico', CAST('2026-01-01' AS DATETIME), NULL),
(58, 12, 'Nivel 3', 'Gramática intermedia', CAST('2026-01-01' AS DATETIME), NULL),
(59, 12, 'Nivel 4', 'Conversación avanzada', CAST('2026-01-01' AS DATETIME), NULL),
(60, 12, 'Nivel 5', 'Fluidez nativa', CAST('2026-01-01' AS DATETIME), NULL),
(61, 13, 'Nivel 1', 'Alfabeto y saludos', CAST('2026-01-01' AS DATETIME), NULL),
(62, 13, 'Nivel 2', 'Vocabulario básico', CAST('2026-01-01' AS DATETIME), NULL),
(63, 13, 'Nivel 3', 'Gramática intermedia', CAST('2026-01-01' AS DATETIME), NULL),
(64, 13, 'Nivel 4', 'Conversación avanzada', CAST('2026-01-01' AS DATETIME), NULL),
(65, 13, 'Nivel 5', 'Fluidez nativa', CAST('2026-01-01' AS DATETIME), NULL),
(66, 14, 'Nivel 1', 'Alfabeto y saludos', CAST('2026-01-01' AS DATETIME), NULL),
(67, 14, 'Nivel 2', 'Vocabulario básico', CAST('2026-01-01' AS DATETIME), NULL),
(68, 14, 'Nivel 3', 'Gramática intermedia', CAST('2026-01-01' AS DATETIME), NULL),
(69, 14, 'Nivel 4', 'Conversación avanzada', CAST('2026-01-01' AS DATETIME), NULL),
(70, 14, 'Nivel 5', 'Fluidez nativa', CAST('2026-01-01' AS DATETIME), NULL),
(71, 15, 'Nivel 1', 'Alfabeto y saludos', CAST('2026-01-01' AS DATETIME), NULL),
(72, 15, 'Nivel 2', 'Vocabulario básico', CAST('2026-01-01' AS DATETIME), NULL),
(73, 15, 'Nivel 3', 'Gramática intermedia', CAST('2026-01-01' AS DATETIME), NULL),
(74, 15, 'Nivel 4', 'Conversación avanzada', CAST('2026-01-01' AS DATETIME), NULL),
(75, 15, 'Nivel 5', 'Fluidez nativa', CAST('2026-01-01' AS DATETIME), NULL),
(76, 16, 'Nivel 1', 'Alfabeto y saludos', CAST('2026-01-01' AS DATETIME), NULL),
(77, 16, 'Nivel 2', 'Vocabulario básico', CAST('2026-01-01' AS DATETIME), NULL),
(78, 16, 'Nivel 3', 'Gramática intermedia', CAST('2026-01-01' AS DATETIME), NULL),
(79, 16, 'Nivel 4', 'Conversación avanzada', CAST('2026-01-01' AS DATETIME), NULL),
(80, 16, 'Nivel 5', 'Fluidez nativa', CAST('2026-01-01' AS DATETIME), NULL),
(81, 17, 'Nivel 1', 'Alfabeto y saludos', CAST('2026-01-01' AS DATETIME), NULL),
(82, 17, 'Nivel 2', 'Vocabulario básico', CAST('2026-01-01' AS DATETIME), NULL),
(83, 17, 'Nivel 3', 'Gramática intermedia', CAST('2026-01-01' AS DATETIME), NULL),
(84, 17, 'Nivel 4', 'Conversación avanzada', CAST('2026-01-01' AS DATETIME), NULL),
(85, 17, 'Nivel 5', 'Fluidez nativa', CAST('2026-01-01' AS DATETIME), NULL),
(86, 18, 'Nivel 1', 'Alfabeto y saludos', CAST('2026-01-01' AS DATETIME), NULL),
(87, 18, 'Nivel 2', 'Vocabulario básico', CAST('2026-01-01' AS DATETIME), NULL),
(88, 18, 'Nivel 3', 'Gramática intermedia', CAST('2026-01-01' AS DATETIME), NULL),
(89, 18, 'Nivel 4', 'Conversación avanzada', CAST('2026-01-01' AS DATETIME), NULL),
(90, 18, 'Nivel 5', 'Fluidez nativa', CAST('2026-01-01' AS DATETIME), NULL),
(91, 19, 'Nivel 1', 'Alfabeto y saludos', CAST('2026-01-01' AS DATETIME), NULL),
(92, 19, 'Nivel 2', 'Vocabulario básico', CAST('2026-01-01' AS DATETIME), NULL),
(93, 19, 'Nivel 3', 'Gramática intermedia', CAST('2026-01-01' AS DATETIME), NULL),
(94, 19, 'Nivel 4', 'Conversación avanzada', CAST('2026-01-01' AS DATETIME), NULL),
(95, 19, 'Nivel 5', 'Fluidez nativa', CAST('2026-01-01' AS DATETIME), NULL),
(96, 20, 'Nivel 1', 'Alfabeto y saludos', CAST('2026-01-01' AS DATETIME), NULL),
(97, 20, 'Nivel 2', 'Vocabulario básico', CAST('2026-01-01' AS DATETIME), NULL),
(98, 20, 'Nivel 3', 'Gramática intermedia', CAST('2026-01-01' AS DATETIME), NULL),
(99, 20, 'Nivel 4', 'Conversación avanzada', CAST('2026-01-01' AS DATETIME), NULL),
(100, 20, 'Nivel 5', 'Fluidez nativa', CAST('2026-01-01' AS DATETIME), NULL),
(101, 21, 'Nivel 1', 'Alfabeto y saludos', CAST('2026-01-01' AS DATETIME), NULL),
(102, 21, 'Nivel 2', 'Vocabulario básico', CAST('2026-01-01' AS DATETIME), NULL),
(103, 21, 'Nivel 3', 'Gramática intermedia', CAST('2026-01-01' AS DATETIME), NULL),
(104, 21, 'Nivel 4', 'Conversación avanzada', CAST('2026-01-01' AS DATETIME), NULL),
(105, 21, 'Nivel 5', 'Fluidez nativa', CAST('2026-01-01' AS DATETIME), NULL),
(106, 22, 'Nivel 1', 'Alfabeto y saludos', CAST('2026-01-01' AS DATETIME), NULL),
(107, 22, 'Nivel 2', 'Vocabulario básico', CAST('2026-01-01' AS DATETIME), NULL),
(108, 22, 'Nivel 3', 'Gramática intermedia', CAST('2026-01-01' AS DATETIME), NULL),
(109, 22, 'Nivel 4', 'Conversación avanzada', CAST('2026-01-01' AS DATETIME), NULL),
(110, 22, 'Nivel 5', 'Fluidez nativa', CAST('2026-01-01' AS DATETIME), NULL),
(111, 23, 'Nivel 1', 'Alfabeto y saludos', CAST('2026-01-01' AS DATETIME), NULL),
(112, 23, 'Nivel 2', 'Vocabulario básico', CAST('2026-01-01' AS DATETIME), NULL),
(113, 23, 'Nivel 3', 'Gramática intermedia', CAST('2026-01-01' AS DATETIME), NULL),
(114, 23, 'Nivel 4', 'Conversación avanzada', CAST('2026-01-01' AS DATETIME), NULL),
(115, 23, 'Nivel 5', 'Fluidez nativa', CAST('2026-01-01' AS DATETIME), NULL),
(116, 24, 'Nivel 1', 'Alfabeto y saludos', CAST('2026-01-01' AS DATETIME), NULL),
(117, 24, 'Nivel 2', 'Vocabulario básico', CAST('2026-01-01' AS DATETIME), NULL),
(118, 24, 'Nivel 3', 'Gramática intermedia', CAST('2026-01-01' AS DATETIME), NULL),
(119, 24, 'Nivel 4', 'Conversación avanzada', CAST('2026-01-01' AS DATETIME), NULL),
(120, 24, 'Nivel 5', 'Fluidez nativa', CAST('2026-01-01' AS DATETIME), NULL),
(121, 25, 'Nivel 1', 'Alfabeto y saludos', CAST('2026-01-01' AS DATETIME), NULL),
(122, 25, 'Nivel 2', 'Vocabulario básico', CAST('2026-01-01' AS DATETIME), NULL),
(123, 25, 'Nivel 3', 'Gramática intermedia', CAST('2026-01-01' AS DATETIME), NULL),
(124, 25, 'Nivel 4', 'Conversación avanzada', CAST('2026-01-01' AS DATETIME), NULL),
(125, 25, 'Nivel 5', 'Fluidez nativa', CAST('2026-01-01' AS DATETIME), NULL),
(126, 26, 'Nivel 1', 'Alfabeto y saludos', CAST('2026-01-01' AS DATETIME), NULL),
(127, 26, 'Nivel 2', 'Vocabulario básico', CAST('2026-01-01' AS DATETIME), NULL),
(128, 26, 'Nivel 3', 'Gramática intermedia', CAST('2026-01-01' AS DATETIME), NULL),
(129, 26, 'Nivel 4', 'Conversación avanzada', CAST('2026-01-01' AS DATETIME), NULL),
(130, 26, 'Nivel 5', 'Fluidez nativa', CAST('2026-01-01' AS DATETIME), NULL),
(131, 27, 'Nivel 1', 'Alfabeto y saludos', CAST('2026-01-01' AS DATETIME), NULL),
(132, 27, 'Nivel 2', 'Vocabulario básico', CAST('2026-01-01' AS DATETIME), NULL),
(133, 27, 'Nivel 3', 'Gramática intermedia', CAST('2026-01-01' AS DATETIME), NULL),
(134, 27, 'Nivel 4', 'Conversación avanzada', CAST('2026-01-01' AS DATETIME), NULL),
(135, 27, 'Nivel 5', 'Fluidez nativa', CAST('2026-01-01' AS DATETIME), NULL),
(136, 28, 'Nivel 1', 'Alfabeto y saludos', CAST('2026-01-01' AS DATETIME), NULL),
(137, 28, 'Nivel 2', 'Vocabulario básico', CAST('2026-01-01' AS DATETIME), NULL),
(138, 28, 'Nivel 3', 'Gramática intermedia', CAST('2026-01-01' AS DATETIME), NULL),
(139, 28, 'Nivel 4', 'Conversación avanzada', CAST('2026-01-01' AS DATETIME), NULL),
(140, 28, 'Nivel 5', 'Fluidez nativa', CAST('2026-01-01' AS DATETIME), NULL),
(141, 29, 'Nivel 1', 'Alfabeto y saludos', CAST('2026-01-01' AS DATETIME), NULL),
(142, 29, 'Nivel 2', 'Vocabulario básico', CAST('2026-01-01' AS DATETIME), NULL),
(143, 29, 'Nivel 3', 'Gramática intermedia', CAST('2026-01-01' AS DATETIME), NULL),
(144, 29, 'Nivel 4', 'Conversación avanzada', CAST('2026-01-01' AS DATETIME), NULL),
(145, 29, 'Nivel 5', 'Fluidez nativa', CAST('2026-01-01' AS DATETIME), NULL),
(146, 30, 'Nivel 1', 'Alfabeto y saludos', CAST('2026-01-01' AS DATETIME), NULL),
(147, 30, 'Nivel 2', 'Vocabulario básico', CAST('2026-01-01' AS DATETIME), NULL),
(148, 30, 'Nivel 3', 'Gramática intermedia', CAST('2026-01-01' AS DATETIME), NULL),
(149, 30, 'Nivel 4', 'Conversación avanzada', CAST('2026-01-01' AS DATETIME), NULL),
(150, 30, 'Nivel 5', 'Fluidez nativa', CAST('2026-01-01' AS DATETIME), NULL),
(151, 31, 'Nivel 1', 'Alfabeto y saludos', CAST('2026-01-01' AS DATETIME), NULL),
(152, 31, 'Nivel 2', 'Vocabulario básico', CAST('2026-01-01' AS DATETIME), NULL),
(153, 31, 'Nivel 3', 'Gramática intermedia', CAST('2026-01-01' AS DATETIME), NULL),
(154, 31, 'Nivel 4', 'Conversación avanzada', CAST('2026-01-01' AS DATETIME), NULL),
(155, 31, 'Nivel 5', 'Fluidez nativa', CAST('2026-01-01' AS DATETIME), NULL),
(156, 32, 'Nivel 1', 'Alfabeto y saludos', CAST('2026-01-01' AS DATETIME), NULL),
(157, 32, 'Nivel 2', 'Vocabulario básico', CAST('2026-01-01' AS DATETIME), NULL),
(158, 32, 'Nivel 3', 'Gramática intermedia', CAST('2026-01-01' AS DATETIME), NULL),
(159, 32, 'Nivel 4', 'Conversación avanzada', CAST('2026-01-01' AS DATETIME), NULL),
(160, 32, 'Nivel 5', 'Fluidez nativa', CAST('2026-01-01' AS DATETIME), NULL),
(161, 33, 'Nivel 1', 'Alfabeto y saludos', CAST('2026-01-01' AS DATETIME), NULL),
(162, 33, 'Nivel 2', 'Vocabulario básico', CAST('2026-01-01' AS DATETIME), NULL),
(163, 33, 'Nivel 3', 'Gramática intermedia', CAST('2026-01-01' AS DATETIME), NULL),
(164, 33, 'Nivel 4', 'Conversación avanzada', CAST('2026-01-01' AS DATETIME), NULL),
(165, 33, 'Nivel 5', 'Fluidez nativa', CAST('2026-01-01' AS DATETIME), NULL),
(166, 34, 'Nivel 1', 'Alfabeto y saludos', CAST('2026-01-01' AS DATETIME), NULL),
(167, 34, 'Nivel 2', 'Vocabulario básico', CAST('2026-01-01' AS DATETIME), NULL),
(168, 34, 'Nivel 3', 'Gramática intermedia', CAST('2026-01-01' AS DATETIME), NULL),
(169, 34, 'Nivel 4', 'Conversación avanzada', CAST('2026-01-01' AS DATETIME), NULL),
(170, 34, 'Nivel 5', 'Fluidez nativa', CAST('2026-01-01' AS DATETIME), NULL),
(171, 35, 'Nivel 1', 'Alfabeto y saludos', CAST('2026-01-01' AS DATETIME), NULL),
(172, 35, 'Nivel 2', 'Vocabulario básico', CAST('2026-01-01' AS DATETIME), NULL),
(173, 35, 'Nivel 3', 'Gramática intermedia', CAST('2026-01-01' AS DATETIME), NULL),
(174, 35, 'Nivel 4', 'Conversación avanzada', CAST('2026-01-01' AS DATETIME), NULL),
(175, 35, 'Nivel 5', 'Fluidez nativa', CAST('2026-01-01' AS DATETIME), NULL),
(176, 36, 'Nivel 1', 'Alfabeto y saludos', CAST('2026-01-01' AS DATETIME), NULL),
(177, 36, 'Nivel 2', 'Vocabulario básico', CAST('2026-01-01' AS DATETIME), NULL),
(178, 36, 'Nivel 3', 'Gramática intermedia', CAST('2026-01-01' AS DATETIME), NULL),
(179, 36, 'Nivel 4', 'Conversación avanzada', CAST('2026-01-01' AS DATETIME), NULL),
(180, 36, 'Nivel 5', 'Fluidez nativa', CAST('2026-01-01' AS DATETIME), NULL),
(181, 37, 'Nivel 1', 'Alfabeto y saludos', CAST('2026-01-01' AS DATETIME), NULL),
(182, 37, 'Nivel 2', 'Vocabulario básico', CAST('2026-01-01' AS DATETIME), NULL),
(183, 37, 'Nivel 3', 'Gramática intermedia', CAST('2026-01-01' AS DATETIME), NULL),
(184, 37, 'Nivel 4', 'Conversación avanzada', CAST('2026-01-01' AS DATETIME), NULL),
(185, 37, 'Nivel 5', 'Fluidez nativa', CAST('2026-01-01' AS DATETIME), NULL),
(186, 38, 'Nivel 1', 'Alfabeto y saludos', CAST('2026-01-01' AS DATETIME), NULL),
(187, 38, 'Nivel 2', 'Vocabulario básico', CAST('2026-01-01' AS DATETIME), NULL),
(188, 38, 'Nivel 3', 'Gramática intermedia', CAST('2026-01-01' AS DATETIME), NULL),
(189, 38, 'Nivel 4', 'Conversación avanzada', CAST('2026-01-01' AS DATETIME), NULL),
(190, 38, 'Nivel 5', 'Fluidez nativa', CAST('2026-01-01' AS DATETIME), NULL),
(191, 39, 'Nivel 1', 'Alfabeto y saludos', CAST('2026-01-01' AS DATETIME), NULL),
(192, 39, 'Nivel 2', 'Vocabulario básico', CAST('2026-01-01' AS DATETIME), NULL),
(193, 39, 'Nivel 3', 'Gramática intermedia', CAST('2026-01-01' AS DATETIME), NULL),
(194, 39, 'Nivel 4', 'Conversación avanzada', CAST('2026-01-01' AS DATETIME), NULL),
(195, 39, 'Nivel 5', 'Fluidez nativa', CAST('2026-01-01' AS DATETIME), NULL),
(196, 40, 'Nivel 1', 'Alfabeto y saludos', CAST('2026-01-01' AS DATETIME), NULL),
(197, 40, 'Nivel 2', 'Vocabulario básico', CAST('2026-01-01' AS DATETIME), NULL),
(198, 40, 'Nivel 3', 'Gramática intermedia', CAST('2026-01-01' AS DATETIME), NULL),
(199, 40, 'Nivel 4', 'Conversación avanzada', CAST('2026-01-01' AS DATETIME), NULL),
(200, 40, 'Nivel 5', 'Fluidez nativa', CAST('2026-01-01' AS DATETIME), NULL),
(201, 41, 'Nivel 1', 'Alfabeto y saludos', CAST('2026-01-01' AS DATETIME), NULL),
(202, 41, 'Nivel 2', 'Vocabulario básico', CAST('2026-01-01' AS DATETIME), NULL),
(203, 41, 'Nivel 3', 'Gramática intermedia', CAST('2026-01-01' AS DATETIME), NULL),
(204, 41, 'Nivel 4', 'Conversación avanzada', CAST('2026-01-01' AS DATETIME), NULL),
(205, 41, 'Nivel 5', 'Fluidez nativa', CAST('2026-01-01' AS DATETIME), NULL),
(206, 42, 'Nivel 1', 'Alfabeto y saludos', CAST('2026-01-01' AS DATETIME), NULL),
(207, 42, 'Nivel 2', 'Vocabulario básico', CAST('2026-01-01' AS DATETIME), NULL),
(208, 42, 'Nivel 3', 'Gramática intermedia', CAST('2026-01-01' AS DATETIME), NULL),
(209, 42, 'Nivel 4', 'Conversación avanzada', CAST('2026-01-01' AS DATETIME), NULL),
(210, 42, 'Nivel 5', 'Fluidez nativa', CAST('2026-01-01' AS DATETIME), NULL),
(211, 43, 'Nivel 1', 'Alfabeto y saludos', CAST('2026-01-01' AS DATETIME), NULL),
(212, 43, 'Nivel 2', 'Vocabulario básico', CAST('2026-01-01' AS DATETIME), NULL),
(213, 43, 'Nivel 3', 'Gramática intermedia', CAST('2026-01-01' AS DATETIME), NULL),
(214, 43, 'Nivel 4', 'Conversación avanzada', CAST('2026-01-01' AS DATETIME), NULL),
(215, 43, 'Nivel 5', 'Fluidez nativa', CAST('2026-01-01' AS DATETIME), NULL),
(216, 44, 'Nivel 1', 'Alfabeto y saludos', CAST('2026-01-01' AS DATETIME), NULL),
(217, 44, 'Nivel 2', 'Vocabulario básico', CAST('2026-01-01' AS DATETIME), NULL),
(218, 44, 'Nivel 3', 'Gramática intermedia', CAST('2026-01-01' AS DATETIME), NULL),
(219, 44, 'Nivel 4', 'Conversación avanzada', CAST('2026-01-01' AS DATETIME), NULL),
(220, 44, 'Nivel 5', 'Fluidez nativa', CAST('2026-01-01' AS DATETIME), NULL),
(221, 45, 'Nivel 1', 'Alfabeto y saludos', CAST('2026-01-01' AS DATETIME), NULL),
(222, 45, 'Nivel 2', 'Vocabulario básico', CAST('2026-01-01' AS DATETIME), NULL),
(223, 45, 'Nivel 3', 'Gramática intermedia', CAST('2026-01-01' AS DATETIME), NULL),
(224, 45, 'Nivel 4', 'Conversación avanzada', CAST('2026-01-01' AS DATETIME), NULL),
(225, 45, 'Nivel 5', 'Fluidez nativa', CAST('2026-01-01' AS DATETIME), NULL),
(226, 46, 'Nivel 1', 'Alfabeto y saludos', CAST('2026-01-01' AS DATETIME), NULL),
(227, 46, 'Nivel 2', 'Vocabulario básico', CAST('2026-01-01' AS DATETIME), NULL),
(228, 46, 'Nivel 3', 'Gramática intermedia', CAST('2026-01-01' AS DATETIME), NULL),
(229, 46, 'Nivel 4', 'Conversación avanzada', CAST('2026-01-01' AS DATETIME), NULL),
(230, 46, 'Nivel 5', 'Fluidez nativa', CAST('2026-01-01' AS DATETIME), NULL),
(231, 47, 'Nivel 1', 'Alfabeto y saludos', CAST('2026-01-01' AS DATETIME), NULL),
(232, 47, 'Nivel 2', 'Vocabulario básico', CAST('2026-01-01' AS DATETIME), NULL),
(233, 47, 'Nivel 3', 'Gramática intermedia', CAST('2026-01-01' AS DATETIME), NULL),
(234, 47, 'Nivel 4', 'Conversación avanzada', CAST('2026-01-01' AS DATETIME), NULL),
(235, 47, 'Nivel 5', 'Fluidez nativa', CAST('2026-01-01' AS DATETIME), NULL),
(236, 48, 'Nivel 1', 'Alfabeto y saludos', CAST('2026-01-01' AS DATETIME), NULL),
(237, 48, 'Nivel 2', 'Vocabulario básico', CAST('2026-01-01' AS DATETIME), NULL),
(238, 48, 'Nivel 3', 'Gramática intermedia', CAST('2026-01-01' AS DATETIME), NULL),
(239, 48, 'Nivel 4', 'Conversación avanzada', CAST('2026-01-01' AS DATETIME), NULL),
(240, 48, 'Nivel 5', 'Fluidez nativa', CAST('2026-01-01' AS DATETIME), NULL),
(241, 49, 'Nivel 1', 'Alfabeto y saludos', CAST('2026-01-01' AS DATETIME), NULL),
(242, 49, 'Nivel 2', 'Vocabulario básico', CAST('2026-01-01' AS DATETIME), NULL),
(243, 49, 'Nivel 3', 'Gramática intermedia', CAST('2026-01-01' AS DATETIME), NULL),
(244, 49, 'Nivel 4', 'Conversación avanzada', CAST('2026-01-01' AS DATETIME), NULL),
(245, 49, 'Nivel 5', 'Fluidez nativa', CAST('2026-01-01' AS DATETIME), NULL),
(246, 50, 'Nivel 1', 'Alfabeto y saludos', CAST('2026-01-01' AS DATETIME), NULL),
(247, 50, 'Nivel 2', 'Vocabulario básico', CAST('2026-01-01' AS DATETIME), NULL),
(248, 50, 'Nivel 3', 'Gramática intermedia', CAST('2026-01-01' AS DATETIME), NULL),
(249, 50, 'Nivel 4', 'Conversación avanzada', CAST('2026-01-01' AS DATETIME), NULL),
(250, 50, 'Nivel 5', 'Fluidez nativa', CAST('2026-01-01' AS DATETIME), NULL),
(251, 51, 'Nivel 1', 'Alfabeto y saludos', CAST('2026-01-01' AS DATETIME), NULL),
(252, 51, 'Nivel 2', 'Vocabulario básico', CAST('2026-01-01' AS DATETIME), NULL),
(253, 51, 'Nivel 3', 'Gramática intermedia', CAST('2026-01-01' AS DATETIME), NULL),
(254, 51, 'Nivel 4', 'Conversación avanzada', CAST('2026-01-01' AS DATETIME), NULL),
(255, 51, 'Nivel 5', 'Fluidez nativa', CAST('2026-01-01' AS DATETIME), NULL),
(256, 52, 'Nivel 1', 'Alfabeto y saludos', CAST('2026-01-01' AS DATETIME), NULL),
(257, 52, 'Nivel 2', 'Vocabulario básico', CAST('2026-01-01' AS DATETIME), NULL),
(258, 52, 'Nivel 3', 'Gramática intermedia', CAST('2026-01-01' AS DATETIME), NULL),
(259, 52, 'Nivel 4', 'Conversación avanzada', CAST('2026-01-01' AS DATETIME), NULL),
(260, 52, 'Nivel 5', 'Fluidez nativa', CAST('2026-01-01' AS DATETIME), NULL),
(261, 53, 'Nivel 1', 'Alfabeto y saludos', CAST('2026-01-01' AS DATETIME), NULL),
(262, 53, 'Nivel 2', 'Vocabulario básico', CAST('2026-01-01' AS DATETIME), NULL),
(263, 53, 'Nivel 3', 'Gramática intermedia', CAST('2026-01-01' AS DATETIME), NULL),
(264, 53, 'Nivel 4', 'Conversación avanzada', CAST('2026-01-01' AS DATETIME), NULL),
(265, 53, 'Nivel 5', 'Fluidez nativa', CAST('2026-01-01' AS DATETIME), NULL),
(266, 54, 'Nivel 1', 'Alfabeto y saludos', CAST('2026-01-01' AS DATETIME), NULL),
(267, 54, 'Nivel 2', 'Vocabulario básico', CAST('2026-01-01' AS DATETIME), NULL),
(268, 54, 'Nivel 3', 'Gramática intermedia', CAST('2026-01-01' AS DATETIME), NULL),
(269, 54, 'Nivel 4', 'Conversación avanzada', CAST('2026-01-01' AS DATETIME), NULL),
(270, 54, 'Nivel 5', 'Fluidez nativa', CAST('2026-01-01' AS DATETIME), NULL),
(271, 55, 'Nivel 1', 'Alfabeto y saludos', CAST('2026-01-01' AS DATETIME), NULL),
(272, 55, 'Nivel 2', 'Vocabulario básico', CAST('2026-01-01' AS DATETIME), NULL),
(273, 55, 'Nivel 3', 'Gramática intermedia', CAST('2026-01-01' AS DATETIME), NULL),
(274, 55, 'Nivel 4', 'Conversación avanzada', CAST('2026-01-01' AS DATETIME), NULL),
(275, 55, 'Nivel 5', 'Fluidez nativa', CAST('2026-01-01' AS DATETIME), NULL),
(276, 56, 'Nivel 1', 'Alfabeto y saludos', CAST('2026-01-01' AS DATETIME), NULL),
(277, 56, 'Nivel 2', 'Vocabulario básico', CAST('2026-01-01' AS DATETIME), NULL),
(278, 56, 'Nivel 3', 'Gramática intermedia', CAST('2026-01-01' AS DATETIME), NULL),
(279, 56, 'Nivel 4', 'Conversación avanzada', CAST('2026-01-01' AS DATETIME), NULL),
(280, 56, 'Nivel 5', 'Fluidez nativa', CAST('2026-01-01' AS DATETIME), NULL),
(281, 57, 'Nivel 1', 'Alfabeto y saludos', CAST('2026-01-01' AS DATETIME), NULL),
(282, 57, 'Nivel 2', 'Vocabulario básico', CAST('2026-01-01' AS DATETIME), NULL),
(283, 57, 'Nivel 3', 'Gramática intermedia', CAST('2026-01-01' AS DATETIME), NULL),
(284, 57, 'Nivel 4', 'Conversación avanzada', CAST('2026-01-01' AS DATETIME), NULL),
(285, 57, 'Nivel 5', 'Fluidez nativa', CAST('2026-01-01' AS DATETIME), NULL),
(286, 58, 'Nivel 1', 'Alfabeto y saludos', CAST('2026-01-01' AS DATETIME), NULL),
(287, 58, 'Nivel 2', 'Vocabulario básico', CAST('2026-01-01' AS DATETIME), NULL),
(288, 58, 'Nivel 3', 'Gramática intermedia', CAST('2026-01-01' AS DATETIME), NULL),
(289, 58, 'Nivel 4', 'Conversación avanzada', CAST('2026-01-01' AS DATETIME), NULL),
(290, 58, 'Nivel 5', 'Fluidez nativa', CAST('2026-01-01' AS DATETIME), NULL),
(291, 59, 'Nivel 1', 'Alfabeto y saludos', CAST('2026-01-01' AS DATETIME), NULL),
(292, 59, 'Nivel 2', 'Vocabulario básico', CAST('2026-01-01' AS DATETIME), NULL),
(293, 59, 'Nivel 3', 'Gramática intermedia', CAST('2026-01-01' AS DATETIME), NULL),
(294, 59, 'Nivel 4', 'Conversación avanzada', CAST('2026-01-01' AS DATETIME), NULL),
(295, 59, 'Nivel 5', 'Fluidez nativa', CAST('2026-01-01' AS DATETIME), NULL),
(296, 60, 'Nivel 1', 'Alfabeto y saludos', CAST('2026-01-01' AS DATETIME), NULL),
(297, 60, 'Nivel 2', 'Vocabulario básico', CAST('2026-01-01' AS DATETIME), NULL),
(298, 60, 'Nivel 3', 'Gramática intermedia', CAST('2026-01-01' AS DATETIME), NULL),
(299, 60, 'Nivel 4', 'Conversación avanzada', CAST('2026-01-01' AS DATETIME), NULL),
(300, 60, 'Nivel 5', 'Fluidez nativa', CAST('2026-01-01' AS DATETIME), NULL),
(301, 61, 'Nivel 1', 'Alfabeto y saludos', CAST('2026-01-01' AS DATETIME), NULL),
(302, 61, 'Nivel 2', 'Vocabulario básico', CAST('2026-01-01' AS DATETIME), NULL),
(303, 61, 'Nivel 3', 'Gramática intermedia', CAST('2026-01-01' AS DATETIME), NULL),
(304, 61, 'Nivel 4', 'Conversación avanzada', CAST('2026-01-01' AS DATETIME), NULL),
(305, 61, 'Nivel 5', 'Fluidez nativa', CAST('2026-01-01' AS DATETIME), NULL),
(306, 62, 'Nivel 1', 'Alfabeto y saludos', CAST('2026-01-01' AS DATETIME), NULL),
(307, 62, 'Nivel 2', 'Vocabulario básico', CAST('2026-01-01' AS DATETIME), NULL),
(308, 62, 'Nivel 3', 'Gramática intermedia', CAST('2026-01-01' AS DATETIME), NULL),
(309, 62, 'Nivel 4', 'Conversación avanzada', CAST('2026-01-01' AS DATETIME), NULL),
(310, 62, 'Nivel 5', 'Fluidez nativa', CAST('2026-01-01' AS DATETIME), NULL),
(311, 63, 'Nivel 1', 'Alfabeto y saludos', CAST('2026-01-01' AS DATETIME), NULL),
(312, 63, 'Nivel 2', 'Vocabulario básico', CAST('2026-01-01' AS DATETIME), NULL),
(313, 63, 'Nivel 3', 'Gramática intermedia', CAST('2026-01-01' AS DATETIME), NULL),
(314, 63, 'Nivel 4', 'Conversación avanzada', CAST('2026-01-01' AS DATETIME), NULL),
(315, 63, 'Nivel 5', 'Fluidez nativa', CAST('2026-01-01' AS DATETIME), NULL),
(316, 64, 'Nivel 1', 'Alfabeto y saludos', CAST('2026-01-01' AS DATETIME), NULL),
(317, 64, 'Nivel 2', 'Vocabulario básico', CAST('2026-01-01' AS DATETIME), NULL),
(318, 64, 'Nivel 3', 'Gramática intermedia', CAST('2026-01-01' AS DATETIME), NULL),
(319, 64, 'Nivel 4', 'Conversación avanzada', CAST('2026-01-01' AS DATETIME), NULL),
(320, 64, 'Nivel 5', 'Fluidez nativa', CAST('2026-01-01' AS DATETIME), NULL),
(321, 65, 'Nivel 1', 'Alfabeto y saludos', CAST('2026-01-01' AS DATETIME), NULL),
(322, 65, 'Nivel 2', 'Vocabulario básico', CAST('2026-01-01' AS DATETIME), NULL),
(323, 65, 'Nivel 3', 'Gramática intermedia', CAST('2026-01-01' AS DATETIME), NULL),
(324, 65, 'Nivel 4', 'Conversación avanzada', CAST('2026-01-01' AS DATETIME), NULL),
(325, 65, 'Nivel 5', 'Fluidez nativa', CAST('2026-01-01' AS DATETIME), NULL),
(326, 66, 'Nivel 1', 'Alfabeto y saludos', CAST('2026-01-01' AS DATETIME), NULL),
(327, 66, 'Nivel 2', 'Vocabulario básico', CAST('2026-01-01' AS DATETIME), NULL),
(328, 66, 'Nivel 3', 'Gramática intermedia', CAST('2026-01-01' AS DATETIME), NULL),
(329, 66, 'Nivel 4', 'Conversación avanzada', CAST('2026-01-01' AS DATETIME), NULL),
(330, 66, 'Nivel 5', 'Fluidez nativa', CAST('2026-01-01' AS DATETIME), NULL),
(331, 67, 'Nivel 1', 'Alfabeto y saludos', CAST('2026-01-01' AS DATETIME), NULL),
(332, 67, 'Nivel 2', 'Vocabulario básico', CAST('2026-01-01' AS DATETIME), NULL),
(333, 67, 'Nivel 3', 'Gramática intermedia', CAST('2026-01-01' AS DATETIME), NULL),
(334, 67, 'Nivel 4', 'Conversación avanzada', CAST('2026-01-01' AS DATETIME), NULL),
(335, 67, 'Nivel 5', 'Fluidez nativa', CAST('2026-01-01' AS DATETIME), NULL),
(336, 68, 'Nivel 1', 'Alfabeto y saludos', CAST('2026-01-01' AS DATETIME), NULL),
(337, 68, 'Nivel 2', 'Vocabulario básico', CAST('2026-01-01' AS DATETIME), NULL),
(338, 68, 'Nivel 3', 'Gramática intermedia', CAST('2026-01-01' AS DATETIME), NULL),
(339, 68, 'Nivel 4', 'Conversación avanzada', CAST('2026-01-01' AS DATETIME), NULL),
(340, 68, 'Nivel 5', 'Fluidez nativa', CAST('2026-01-01' AS DATETIME), NULL),
(341, 69, 'Nivel 1', 'Alfabeto y saludos', CAST('2026-01-01' AS DATETIME), NULL),
(342, 69, 'Nivel 2', 'Vocabulario básico', CAST('2026-01-01' AS DATETIME), NULL),
(343, 69, 'Nivel 3', 'Gramática intermedia', CAST('2026-01-01' AS DATETIME), NULL),
(344, 69, 'Nivel 4', 'Conversación avanzada', CAST('2026-01-01' AS DATETIME), NULL),
(345, 69, 'Nivel 5', 'Fluidez nativa', CAST('2026-01-01' AS DATETIME), NULL),
(346, 70, 'Nivel 1', 'Alfabeto y saludos', CAST('2026-01-01' AS DATETIME), NULL),
(347, 70, 'Nivel 2', 'Vocabulario básico', CAST('2026-01-01' AS DATETIME), NULL),
(348, 70, 'Nivel 3', 'Gramática intermedia', CAST('2026-01-01' AS DATETIME), NULL),
(349, 70, 'Nivel 4', 'Conversación avanzada', CAST('2026-01-01' AS DATETIME), NULL),
(350, 70, 'Nivel 5', 'Fluidez nativa', CAST('2026-01-01' AS DATETIME), NULL),
(351, 71, 'Nivel 1', 'Alfabeto y saludos', CAST('2026-01-01' AS DATETIME), NULL),
(352, 71, 'Nivel 2', 'Vocabulario básico', CAST('2026-01-01' AS DATETIME), NULL),
(353, 71, 'Nivel 3', 'Gramática intermedia', CAST('2026-01-01' AS DATETIME), NULL),
(354, 71, 'Nivel 4', 'Conversación avanzada', CAST('2026-01-01' AS DATETIME), NULL),
(355, 71, 'Nivel 5', 'Fluidez nativa', CAST('2026-01-01' AS DATETIME), NULL),
(356, 72, 'Nivel 1', 'Alfabeto y saludos', CAST('2026-01-01' AS DATETIME), NULL),
(357, 72, 'Nivel 2', 'Vocabulario básico', CAST('2026-01-01' AS DATETIME), NULL),
(358, 72, 'Nivel 3', 'Gramática intermedia', CAST('2026-01-01' AS DATETIME), NULL),
(359, 72, 'Nivel 4', 'Conversación avanzada', CAST('2026-01-01' AS DATETIME), NULL),
(360, 72, 'Nivel 5', 'Fluidez nativa', CAST('2026-01-01' AS DATETIME), NULL),
(361, 73, 'Nivel 1', 'Alfabeto y saludos', CAST('2026-01-01' AS DATETIME), NULL),
(362, 73, 'Nivel 2', 'Vocabulario básico', CAST('2026-01-01' AS DATETIME), NULL),
(363, 73, 'Nivel 3', 'Gramática intermedia', CAST('2026-01-01' AS DATETIME), NULL),
(364, 73, 'Nivel 4', 'Conversación avanzada', CAST('2026-01-01' AS DATETIME), NULL),
(365, 73, 'Nivel 5', 'Fluidez nativa', CAST('2026-01-01' AS DATETIME), NULL),
(366, 74, 'Nivel 1', 'Alfabeto y saludos', CAST('2026-01-01' AS DATETIME), NULL),
(367, 74, 'Nivel 2', 'Vocabulario básico', CAST('2026-01-01' AS DATETIME), NULL),
(368, 74, 'Nivel 3', 'Gramática intermedia', CAST('2026-01-01' AS DATETIME), NULL),
(369, 74, 'Nivel 4', 'Conversación avanzada', CAST('2026-01-01' AS DATETIME), NULL),
(370, 74, 'Nivel 5', 'Fluidez nativa', CAST('2026-01-01' AS DATETIME), NULL),
(371, 75, 'Nivel 1', 'Alfabeto y saludos', CAST('2026-01-01' AS DATETIME), NULL),
(372, 75, 'Nivel 2', 'Vocabulario básico', CAST('2026-01-01' AS DATETIME), NULL),
(373, 75, 'Nivel 3', 'Gramática intermedia', CAST('2026-01-01' AS DATETIME), NULL),
(374, 75, 'Nivel 4', 'Conversación avanzada', CAST('2026-01-01' AS DATETIME), NULL),
(375, 75, 'Nivel 5', 'Fluidez nativa', CAST('2026-01-01' AS DATETIME), NULL),
(376, 76, 'Nivel 1', 'Alfabeto y saludos', CAST('2026-01-01' AS DATETIME), NULL),
(377, 76, 'Nivel 2', 'Vocabulario básico', CAST('2026-01-01' AS DATETIME), NULL),
(378, 76, 'Nivel 3', 'Gramática intermedia', CAST('2026-01-01' AS DATETIME), NULL),
(379, 76, 'Nivel 4', 'Conversación avanzada', CAST('2026-01-01' AS DATETIME), NULL),
(380, 76, 'Nivel 5', 'Fluidez nativa', CAST('2026-01-01' AS DATETIME), NULL),
(381, 77, 'Nivel 1', 'Alfabeto y saludos', CAST('2026-01-01' AS DATETIME), NULL),
(382, 77, 'Nivel 2', 'Vocabulario básico', CAST('2026-01-01' AS DATETIME), NULL),
(383, 77, 'Nivel 3', 'Gramática intermedia', CAST('2026-01-01' AS DATETIME), NULL),
(384, 77, 'Nivel 4', 'Conversación avanzada', CAST('2026-01-01' AS DATETIME), NULL),
(385, 77, 'Nivel 5', 'Fluidez nativa', CAST('2026-01-01' AS DATETIME), NULL),
(386, 78, 'Nivel 1', 'Alfabeto y saludos', CAST('2026-01-01' AS DATETIME), NULL),
(387, 78, 'Nivel 2', 'Vocabulario básico', CAST('2026-01-01' AS DATETIME), NULL),
(388, 78, 'Nivel 3', 'Gramática intermedia', CAST('2026-01-01' AS DATETIME), NULL),
(389, 78, 'Nivel 4', 'Conversación avanzada', CAST('2026-01-01' AS DATETIME), NULL),
(390, 78, 'Nivel 5', 'Fluidez nativa', CAST('2026-01-01' AS DATETIME), NULL),
(391, 79, 'Nivel 1', 'Alfabeto y saludos', CAST('2026-01-01' AS DATETIME), NULL),
(392, 79, 'Nivel 2', 'Vocabulario básico', CAST('2026-01-01' AS DATETIME), NULL),
(393, 79, 'Nivel 3', 'Gramática intermedia', CAST('2026-01-01' AS DATETIME), NULL),
(394, 79, 'Nivel 4', 'Conversación avanzada', CAST('2026-01-01' AS DATETIME), NULL),
(395, 79, 'Nivel 5', 'Fluidez nativa', CAST('2026-01-01' AS DATETIME), NULL),
(396, 80, 'Nivel 1', 'Alfabeto y saludos', CAST('2026-01-01' AS DATETIME), NULL),
(397, 80, 'Nivel 2', 'Vocabulario básico', CAST('2026-01-01' AS DATETIME), NULL),
(398, 80, 'Nivel 3', 'Gramática intermedia', CAST('2026-01-01' AS DATETIME), NULL),
(399, 80, 'Nivel 4', 'Conversación avanzada', CAST('2026-01-01' AS DATETIME), NULL),
(400, 80, 'Nivel 5', 'Fluidez nativa', CAST('2026-01-01' AS DATETIME), NULL),
(401, 81, 'Nivel 1', 'Alfabeto y saludos', CAST('2026-01-01' AS DATETIME), NULL),
(402, 81, 'Nivel 2', 'Vocabulario básico', CAST('2026-01-01' AS DATETIME), NULL),
(403, 81, 'Nivel 3', 'Gramática intermedia', CAST('2026-01-01' AS DATETIME), NULL),
(404, 81, 'Nivel 4', 'Conversación avanzada', CAST('2026-01-01' AS DATETIME), NULL),
(405, 81, 'Nivel 5', 'Fluidez nativa', CAST('2026-01-01' AS DATETIME), NULL),
(406, 82, 'Nivel 1', 'Alfabeto y saludos', CAST('2026-01-01' AS DATETIME), NULL),
(407, 82, 'Nivel 2', 'Vocabulario básico', CAST('2026-01-01' AS DATETIME), NULL),
(408, 82, 'Nivel 3', 'Gramática intermedia', CAST('2026-01-01' AS DATETIME), NULL),
(409, 82, 'Nivel 4', 'Conversación avanzada', CAST('2026-01-01' AS DATETIME), NULL),
(410, 82, 'Nivel 5', 'Fluidez nativa', CAST('2026-01-01' AS DATETIME), NULL),
(411, 83, 'Nivel 1', 'Alfabeto y saludos', CAST('2026-01-01' AS DATETIME), NULL),
(412, 83, 'Nivel 2', 'Vocabulario básico', CAST('2026-01-01' AS DATETIME), NULL),
(413, 83, 'Nivel 3', 'Gramática intermedia', CAST('2026-01-01' AS DATETIME), NULL),
(414, 83, 'Nivel 4', 'Conversación avanzada', CAST('2026-01-01' AS DATETIME), NULL),
(415, 83, 'Nivel 5', 'Fluidez nativa', CAST('2026-01-01' AS DATETIME), NULL),
(416, 84, 'Nivel 1', 'Alfabeto y saludos', CAST('2026-01-01' AS DATETIME), NULL),
(417, 84, 'Nivel 2', 'Vocabulario básico', CAST('2026-01-01' AS DATETIME), NULL),
(418, 84, 'Nivel 3', 'Gramática intermedia', CAST('2026-01-01' AS DATETIME), NULL),
(419, 84, 'Nivel 4', 'Conversación avanzada', CAST('2026-01-01' AS DATETIME), NULL),
(420, 84, 'Nivel 5', 'Fluidez nativa', CAST('2026-01-01' AS DATETIME), NULL),
(421, 85, 'Nivel 1', 'Alfabeto y saludos', CAST('2026-01-01' AS DATETIME), NULL),
(422, 85, 'Nivel 2', 'Vocabulario básico', CAST('2026-01-01' AS DATETIME), NULL),
(423, 85, 'Nivel 3', 'Gramática intermedia', CAST('2026-01-01' AS DATETIME), NULL),
(424, 85, 'Nivel 4', 'Conversación avanzada', CAST('2026-01-01' AS DATETIME), NULL),
(425, 85, 'Nivel 5', 'Fluidez nativa', CAST('2026-01-01' AS DATETIME), NULL),
(426, 86, 'Nivel 1', 'Alfabeto y saludos', CAST('2026-01-01' AS DATETIME), NULL),
(427, 86, 'Nivel 2', 'Vocabulario básico', CAST('2026-01-01' AS DATETIME), NULL),
(428, 86, 'Nivel 3', 'Gramática intermedia', CAST('2026-01-01' AS DATETIME), NULL),
(429, 86, 'Nivel 4', 'Conversación avanzada', CAST('2026-01-01' AS DATETIME), NULL),
(430, 86, 'Nivel 5', 'Fluidez nativa', CAST('2026-01-01' AS DATETIME), NULL),
(431, 87, 'Nivel 1', 'Alfabeto y saludos', CAST('2026-01-01' AS DATETIME), NULL),
(432, 87, 'Nivel 2', 'Vocabulario básico', CAST('2026-01-01' AS DATETIME), NULL),
(433, 87, 'Nivel 3', 'Gramática intermedia', CAST('2026-01-01' AS DATETIME), NULL),
(434, 87, 'Nivel 4', 'Conversación avanzada', CAST('2026-01-01' AS DATETIME), NULL),
(435, 87, 'Nivel 5', 'Fluidez nativa', CAST('2026-01-01' AS DATETIME), NULL),
(436, 88, 'Nivel 1', 'Alfabeto y saludos', CAST('2026-01-01' AS DATETIME), NULL),
(437, 88, 'Nivel 2', 'Vocabulario básico', CAST('2026-01-01' AS DATETIME), NULL),
(438, 88, 'Nivel 3', 'Gramática intermedia', CAST('2026-01-01' AS DATETIME), NULL),
(439, 88, 'Nivel 4', 'Conversación avanzada', CAST('2026-01-01' AS DATETIME), NULL),
(440, 88, 'Nivel 5', 'Fluidez nativa', CAST('2026-01-01' AS DATETIME), NULL),
(441, 89, 'Nivel 1', 'Alfabeto y saludos', CAST('2026-01-01' AS DATETIME), NULL),
(442, 89, 'Nivel 2', 'Vocabulario básico', CAST('2026-01-01' AS DATETIME), NULL),
(443, 89, 'Nivel 3', 'Gramática intermedia', CAST('2026-01-01' AS DATETIME), NULL),
(444, 89, 'Nivel 4', 'Conversación avanzada', CAST('2026-01-01' AS DATETIME), NULL),
(445, 89, 'Nivel 5', 'Fluidez nativa', CAST('2026-01-01' AS DATETIME), NULL),
(446, 90, 'Nivel 1', 'Alfabeto y saludos', CAST('2026-01-01' AS DATETIME), NULL),
(447, 90, 'Nivel 2', 'Vocabulario básico', CAST('2026-01-01' AS DATETIME), NULL),
(448, 90, 'Nivel 3', 'Gramática intermedia', CAST('2026-01-01' AS DATETIME), NULL),
(449, 90, 'Nivel 4', 'Conversación avanzada', CAST('2026-01-01' AS DATETIME), NULL),
(450, 90, 'Nivel 5', 'Fluidez nativa', CAST('2026-01-01' AS DATETIME), NULL),
(451, 91, 'Nivel 1', 'Alfabeto y saludos', CAST('2026-01-01' AS DATETIME), NULL),
(452, 91, 'Nivel 2', 'Vocabulario básico', CAST('2026-01-01' AS DATETIME), NULL),
(453, 91, 'Nivel 3', 'Gramática intermedia', CAST('2026-01-01' AS DATETIME), NULL),
(454, 91, 'Nivel 4', 'Conversación avanzada', CAST('2026-01-01' AS DATETIME), NULL),
(455, 91, 'Nivel 5', 'Fluidez nativa', CAST('2026-01-01' AS DATETIME), NULL),
(456, 92, 'Nivel 1', 'Alfabeto y saludos', CAST('2026-01-01' AS DATETIME), NULL),
(457, 92, 'Nivel 2', 'Vocabulario básico', CAST('2026-01-01' AS DATETIME), NULL),
(458, 92, 'Nivel 3', 'Gramática intermedia', CAST('2026-01-01' AS DATETIME), NULL),
(459, 92, 'Nivel 4', 'Conversación avanzada', CAST('2026-01-01' AS DATETIME), NULL),
(460, 92, 'Nivel 5', 'Fluidez nativa', CAST('2026-01-01' AS DATETIME), NULL),
(461, 93, 'Nivel 1', 'Alfabeto y saludos', CAST('2026-01-01' AS DATETIME), NULL),
(462, 93, 'Nivel 2', 'Vocabulario básico', CAST('2026-01-01' AS DATETIME), NULL),
(463, 93, 'Nivel 3', 'Gramática intermedia', CAST('2026-01-01' AS DATETIME), NULL),
(464, 93, 'Nivel 4', 'Conversación avanzada', CAST('2026-01-01' AS DATETIME), NULL),
(465, 93, 'Nivel 5', 'Fluidez nativa', CAST('2026-01-01' AS DATETIME), NULL),
(466, 94, 'Nivel 1', 'Alfabeto y saludos', CAST('2026-01-01' AS DATETIME), NULL),
(467, 94, 'Nivel 2', 'Vocabulario básico', CAST('2026-01-01' AS DATETIME), NULL),
(468, 94, 'Nivel 3', 'Gramática intermedia', CAST('2026-01-01' AS DATETIME), NULL),
(469, 94, 'Nivel 4', 'Conversación avanzada', CAST('2026-01-01' AS DATETIME), NULL),
(470, 94, 'Nivel 5', 'Fluidez nativa', CAST('2026-01-01' AS DATETIME), NULL),
(471, 95, 'Nivel 1', 'Alfabeto y saludos', CAST('2026-01-01' AS DATETIME), NULL),
(472, 95, 'Nivel 2', 'Vocabulario básico', CAST('2026-01-01' AS DATETIME), NULL),
(473, 95, 'Nivel 3', 'Gramática intermedia', CAST('2026-01-01' AS DATETIME), NULL),
(474, 95, 'Nivel 4', 'Conversación avanzada', CAST('2026-01-01' AS DATETIME), NULL),
(475, 95, 'Nivel 5', 'Fluidez nativa', CAST('2026-01-01' AS DATETIME), NULL),
(476, 96, 'Nivel 1', 'Alfabeto y saludos', CAST('2026-01-01' AS DATETIME), NULL),
(477, 96, 'Nivel 2', 'Vocabulario básico', CAST('2026-01-01' AS DATETIME), NULL),
(478, 96, 'Nivel 3', 'Gramática intermedia', CAST('2026-01-01' AS DATETIME), NULL),
(479, 96, 'Nivel 4', 'Conversación avanzada', CAST('2026-01-01' AS DATETIME), NULL),
(480, 96, 'Nivel 5', 'Fluidez nativa', CAST('2026-01-01' AS DATETIME), NULL),
(481, 97, 'Nivel 1', 'Alfabeto y saludos', CAST('2026-01-01' AS DATETIME), NULL),
(482, 97, 'Nivel 2', 'Vocabulario básico', CAST('2026-01-01' AS DATETIME), NULL),
(483, 97, 'Nivel 3', 'Gramática intermedia', CAST('2026-01-01' AS DATETIME), NULL),
(484, 97, 'Nivel 4', 'Conversación avanzada', CAST('2026-01-01' AS DATETIME), NULL),
(485, 97, 'Nivel 5', 'Fluidez nativa', CAST('2026-01-01' AS DATETIME), NULL),
(486, 98, 'Nivel 1', 'Alfabeto y saludos', CAST('2026-01-01' AS DATETIME), NULL),
(487, 98, 'Nivel 2', 'Vocabulario básico', CAST('2026-01-01' AS DATETIME), NULL),
(488, 98, 'Nivel 3', 'Gramática intermedia', CAST('2026-01-01' AS DATETIME), NULL),
(489, 98, 'Nivel 4', 'Conversación avanzada', CAST('2026-01-01' AS DATETIME), NULL),
(490, 98, 'Nivel 5', 'Fluidez nativa', CAST('2026-01-01' AS DATETIME), NULL),
(491, 99, 'Nivel 1', 'Alfabeto y saludos', CAST('2026-01-01' AS DATETIME), NULL),
(492, 99, 'Nivel 2', 'Vocabulario básico', CAST('2026-01-01' AS DATETIME), NULL),
(493, 99, 'Nivel 3', 'Gramática intermedia', CAST('2026-01-01' AS DATETIME), NULL),
(494, 99, 'Nivel 4', 'Conversación avanzada', CAST('2026-01-01' AS DATETIME), NULL),
(495, 99, 'Nivel 5', 'Fluidez nativa', CAST('2026-01-01' AS DATETIME), NULL),
(496, 100, 'Nivel 1', 'Alfabeto y saludos', CAST('2026-01-01' AS DATETIME), NULL),
(497, 100, 'Nivel 2', 'Vocabulario básico', CAST('2026-01-01' AS DATETIME), NULL),
(498, 100, 'Nivel 3', 'Gramática intermedia', CAST('2026-01-01' AS DATETIME), NULL),
(499, 100, 'Nivel 4', 'Conversación avanzada', CAST('2026-01-01' AS DATETIME), NULL),
(500, 100, 'Nivel 5', 'Fluidez nativa', CAST('2026-01-01' AS DATETIME), NULL),
(501, 101, 'Nivel 1', 'Alfabeto y saludos', CAST('2026-01-01' AS DATETIME), NULL),
(502, 101, 'Nivel 2', 'Vocabulario básico', CAST('2026-01-01' AS DATETIME), NULL),
(503, 101, 'Nivel 3', 'Gramática intermedia', CAST('2026-01-01' AS DATETIME), NULL),
(504, 101, 'Nivel 4', 'Conversación avanzada', CAST('2026-01-01' AS DATETIME), NULL),
(505, 101, 'Nivel 5', 'Fluidez nativa', CAST('2026-01-01' AS DATETIME), NULL),
(506, 102, 'Nivel 1', 'Alfabeto y saludos', CAST('2026-01-01' AS DATETIME), NULL),
(507, 102, 'Nivel 2', 'Vocabulario básico', CAST('2026-01-01' AS DATETIME), NULL),
(508, 102, 'Nivel 3', 'Gramática intermedia', CAST('2026-01-01' AS DATETIME), NULL),
(509, 102, 'Nivel 4', 'Conversación avanzada', CAST('2026-01-01' AS DATETIME), NULL),
(510, 102, 'Nivel 5', 'Fluidez nativa', CAST('2026-01-01' AS DATETIME), NULL),
(511, 103, 'Nivel 1', 'Alfabeto y saludos', CAST('2026-01-01' AS DATETIME), NULL),
(512, 103, 'Nivel 2', 'Vocabulario básico', CAST('2026-01-01' AS DATETIME), NULL),
(513, 103, 'Nivel 3', 'Gramática intermedia', CAST('2026-01-01' AS DATETIME), NULL),
(514, 103, 'Nivel 4', 'Conversación avanzada', CAST('2026-01-01' AS DATETIME), NULL),
(515, 103, 'Nivel 5', 'Fluidez nativa', CAST('2026-01-01' AS DATETIME), NULL),
(516, 104, 'Nivel 1', 'Alfabeto y saludos', CAST('2026-01-01' AS DATETIME), NULL),
(517, 104, 'Nivel 2', 'Vocabulario básico', CAST('2026-01-01' AS DATETIME), NULL),
(518, 104, 'Nivel 3', 'Gramática intermedia', CAST('2026-01-01' AS DATETIME), NULL),
(519, 104, 'Nivel 4', 'Conversación avanzada', CAST('2026-01-01' AS DATETIME), NULL),
(520, 104, 'Nivel 5', 'Fluidez nativa', CAST('2026-01-01' AS DATETIME), NULL),
(521, 105, 'Nivel 1', 'Alfabeto y saludos', CAST('2026-01-01' AS DATETIME), NULL),
(522, 105, 'Nivel 2', 'Vocabulario básico', CAST('2026-01-01' AS DATETIME), NULL),
(523, 105, 'Nivel 3', 'Gramática intermedia', CAST('2026-01-01' AS DATETIME), NULL),
(524, 105, 'Nivel 4', 'Conversación avanzada', CAST('2026-01-01' AS DATETIME), NULL),
(525, 105, 'Nivel 5', 'Fluidez nativa', CAST('2026-01-01' AS DATETIME), NULL),
(526, 106, 'Nivel 1', 'Alfabeto y saludos', CAST('2026-01-01' AS DATETIME), NULL),
(527, 106, 'Nivel 2', 'Vocabulario básico', CAST('2026-01-01' AS DATETIME), NULL),
(528, 106, 'Nivel 3', 'Gramática intermedia', CAST('2026-01-01' AS DATETIME), NULL),
(529, 106, 'Nivel 4', 'Conversación avanzada', CAST('2026-01-01' AS DATETIME), NULL),
(530, 106, 'Nivel 5', 'Fluidez nativa', CAST('2026-01-01' AS DATETIME), NULL),
(531, 107, 'Nivel 1', 'Alfabeto y saludos', CAST('2026-01-01' AS DATETIME), NULL),
(532, 107, 'Nivel 2', 'Vocabulario básico', CAST('2026-01-01' AS DATETIME), NULL),
(533, 107, 'Nivel 3', 'Gramática intermedia', CAST('2026-01-01' AS DATETIME), NULL),
(534, 107, 'Nivel 4', 'Conversación avanzada', CAST('2026-01-01' AS DATETIME), NULL),
(535, 107, 'Nivel 5', 'Fluidez nativa', CAST('2026-01-01' AS DATETIME), NULL),
(536, 108, 'Nivel 1', 'Alfabeto y saludos', CAST('2026-01-01' AS DATETIME), NULL),
(537, 108, 'Nivel 2', 'Vocabulario básico', CAST('2026-01-01' AS DATETIME), NULL),
(538, 108, 'Nivel 3', 'Gramática intermedia', CAST('2026-01-01' AS DATETIME), NULL),
(539, 108, 'Nivel 4', 'Conversación avanzada', CAST('2026-01-01' AS DATETIME), NULL),
(540, 108, 'Nivel 5', 'Fluidez nativa', CAST('2026-01-01' AS DATETIME), NULL),
(541, 109, 'Nivel 1', 'Alfabeto y saludos', CAST('2026-01-01' AS DATETIME), NULL),
(542, 109, 'Nivel 2', 'Vocabulario básico', CAST('2026-01-01' AS DATETIME), NULL),
(543, 109, 'Nivel 3', 'Gramática intermedia', CAST('2026-01-01' AS DATETIME), NULL),
(544, 109, 'Nivel 4', 'Conversación avanzada', CAST('2026-01-01' AS DATETIME), NULL),
(545, 109, 'Nivel 5', 'Fluidez nativa', CAST('2026-01-01' AS DATETIME), NULL),
(546, 110, 'Nivel 1', 'Alfabeto y saludos', CAST('2026-01-01' AS DATETIME), NULL),
(547, 110, 'Nivel 2', 'Vocabulario básico', CAST('2026-01-01' AS DATETIME), NULL),
(548, 110, 'Nivel 3', 'Gramática intermedia', CAST('2026-01-01' AS DATETIME), NULL),
(549, 110, 'Nivel 4', 'Conversación avanzada', CAST('2026-01-01' AS DATETIME), NULL),
(550, 110, 'Nivel 5', 'Fluidez nativa', CAST('2026-01-01' AS DATETIME), NULL),
(551, 111, 'Nivel 1', 'Alfabeto y saludos', CAST('2026-01-01' AS DATETIME), NULL),
(552, 111, 'Nivel 2', 'Vocabulario básico', CAST('2026-01-01' AS DATETIME), NULL),
(553, 111, 'Nivel 3', 'Gramática intermedia', CAST('2026-01-01' AS DATETIME), NULL),
(554, 111, 'Nivel 4', 'Conversación avanzada', CAST('2026-01-01' AS DATETIME), NULL),
(555, 111, 'Nivel 5', 'Fluidez nativa', CAST('2026-01-01' AS DATETIME), NULL),
(556, 112, 'Nivel 1', 'Alfabeto y saludos', CAST('2026-01-01' AS DATETIME), NULL),
(557, 112, 'Nivel 2', 'Vocabulario básico', CAST('2026-01-01' AS DATETIME), NULL),
(558, 112, 'Nivel 3', 'Gramática intermedia', CAST('2026-01-01' AS DATETIME), NULL),
(559, 112, 'Nivel 4', 'Conversación avanzada', CAST('2026-01-01' AS DATETIME), NULL),
(560, 112, 'Nivel 5', 'Fluidez nativa', CAST('2026-01-01' AS DATETIME), NULL),
(561, 113, 'Nivel 1', 'Alfabeto y saludos', CAST('2026-01-01' AS DATETIME), NULL),
(562, 113, 'Nivel 2', 'Vocabulario básico', CAST('2026-01-01' AS DATETIME), NULL),
(563, 113, 'Nivel 3', 'Gramática intermedia', CAST('2026-01-01' AS DATETIME), NULL),
(564, 113, 'Nivel 4', 'Conversación avanzada', CAST('2026-01-01' AS DATETIME), NULL),
(565, 113, 'Nivel 5', 'Fluidez nativa', CAST('2026-01-01' AS DATETIME), NULL),
(566, 114, 'Nivel 1', 'Alfabeto y saludos', CAST('2026-01-01' AS DATETIME), NULL),
(567, 114, 'Nivel 2', 'Vocabulario básico', CAST('2026-01-01' AS DATETIME), NULL),
(568, 114, 'Nivel 3', 'Gramática intermedia', CAST('2026-01-01' AS DATETIME), NULL),
(569, 114, 'Nivel 4', 'Conversación avanzada', CAST('2026-01-01' AS DATETIME), NULL),
(570, 114, 'Nivel 5', 'Fluidez nativa', CAST('2026-01-01' AS DATETIME), NULL),
(571, 115, 'Nivel 1', 'Alfabeto y saludos', CAST('2026-01-01' AS DATETIME), NULL),
(572, 115, 'Nivel 2', 'Vocabulario básico', CAST('2026-01-01' AS DATETIME), NULL),
(573, 115, 'Nivel 3', 'Gramática intermedia', CAST('2026-01-01' AS DATETIME), NULL),
(574, 115, 'Nivel 4', 'Conversación avanzada', CAST('2026-01-01' AS DATETIME), NULL),
(575, 115, 'Nivel 5', 'Fluidez nativa', CAST('2026-01-01' AS DATETIME), NULL),
(576, 116, 'Nivel 1', 'Alfabeto y saludos', CAST('2026-01-01' AS DATETIME), NULL),
(577, 116, 'Nivel 2', 'Vocabulario básico', CAST('2026-01-01' AS DATETIME), NULL),
(578, 116, 'Nivel 3', 'Gramática intermedia', CAST('2026-01-01' AS DATETIME), NULL),
(579, 116, 'Nivel 4', 'Conversación avanzada', CAST('2026-01-01' AS DATETIME), NULL),
(580, 116, 'Nivel 5', 'Fluidez nativa', CAST('2026-01-01' AS DATETIME), NULL),
(581, 117, 'Nivel 1', 'Alfabeto y saludos', CAST('2026-01-01' AS DATETIME), NULL),
(582, 117, 'Nivel 2', 'Vocabulario básico', CAST('2026-01-01' AS DATETIME), NULL),
(583, 117, 'Nivel 3', 'Gramática intermedia', CAST('2026-01-01' AS DATETIME), NULL),
(584, 117, 'Nivel 4', 'Conversación avanzada', CAST('2026-01-01' AS DATETIME), NULL),
(585, 117, 'Nivel 5', 'Fluidez nativa', CAST('2026-01-01' AS DATETIME), NULL),
(586, 118, 'Nivel 1', 'Alfabeto y saludos', CAST('2026-01-01' AS DATETIME), NULL),
(587, 118, 'Nivel 2', 'Vocabulario básico', CAST('2026-01-01' AS DATETIME), NULL),
(588, 118, 'Nivel 3', 'Gramática intermedia', CAST('2026-01-01' AS DATETIME), NULL),
(589, 118, 'Nivel 4', 'Conversación avanzada', CAST('2026-01-01' AS DATETIME), NULL),
(590, 118, 'Nivel 5', 'Fluidez nativa', CAST('2026-01-01' AS DATETIME), NULL),
(591, 119, 'Nivel 1', 'Alfabeto y saludos', CAST('2026-01-01' AS DATETIME), NULL),
(592, 119, 'Nivel 2', 'Vocabulario básico', CAST('2026-01-01' AS DATETIME), NULL),
(593, 119, 'Nivel 3', 'Gramática intermedia', CAST('2026-01-01' AS DATETIME), NULL),
(594, 119, 'Nivel 4', 'Conversación avanzada', CAST('2026-01-01' AS DATETIME), NULL),
(595, 119, 'Nivel 5', 'Fluidez nativa', CAST('2026-01-01' AS DATETIME), NULL),
(596, 120, 'Nivel 1', 'Alfabeto y saludos', CAST('2026-01-01' AS DATETIME), NULL),
(597, 120, 'Nivel 2', 'Vocabulario básico', CAST('2026-01-01' AS DATETIME), NULL),
(598, 120, 'Nivel 3', 'Gramática intermedia', CAST('2026-01-01' AS DATETIME), NULL),
(599, 120, 'Nivel 4', 'Conversación avanzada', CAST('2026-01-01' AS DATETIME), NULL),
(600, 120, 'Nivel 5', 'Fluidez nativa', CAST('2026-01-01' AS DATETIME), NULL),
(601, 121, 'Nivel 1', 'Alfabeto y saludos', CAST('2026-01-01' AS DATETIME), NULL),
(602, 121, 'Nivel 2', 'Vocabulario básico', CAST('2026-01-01' AS DATETIME), NULL),
(603, 121, 'Nivel 3', 'Gramática intermedia', CAST('2026-01-01' AS DATETIME), NULL),
(604, 121, 'Nivel 4', 'Conversación avanzada', CAST('2026-01-01' AS DATETIME), NULL),
(605, 121, 'Nivel 5', 'Fluidez nativa', CAST('2026-01-01' AS DATETIME), NULL),
(606, 122, 'Nivel 1', 'Alfabeto y saludos', CAST('2026-01-01' AS DATETIME), NULL),
(607, 122, 'Nivel 2', 'Vocabulario básico', CAST('2026-01-01' AS DATETIME), NULL),
(608, 122, 'Nivel 3', 'Gramática intermedia', CAST('2026-01-01' AS DATETIME), NULL),
(609, 122, 'Nivel 4', 'Conversación avanzada', CAST('2026-01-01' AS DATETIME), NULL),
(610, 122, 'Nivel 5', 'Fluidez nativa', CAST('2026-01-01' AS DATETIME), NULL),
(611, 123, 'Nivel 1', 'Alfabeto y saludos', CAST('2026-01-01' AS DATETIME), NULL),
(612, 123, 'Nivel 2', 'Vocabulario básico', CAST('2026-01-01' AS DATETIME), NULL),
(613, 123, 'Nivel 3', 'Gramática intermedia', CAST('2026-01-01' AS DATETIME), NULL),
(614, 123, 'Nivel 4', 'Conversación avanzada', CAST('2026-01-01' AS DATETIME), NULL),
(615, 123, 'Nivel 5', 'Fluidez nativa', CAST('2026-01-01' AS DATETIME), NULL),
(616, 124, 'Nivel 1', 'Alfabeto y saludos', CAST('2026-01-01' AS DATETIME), NULL),
(617, 124, 'Nivel 2', 'Vocabulario básico', CAST('2026-01-01' AS DATETIME), NULL),
(618, 124, 'Nivel 3', 'Gramática intermedia', CAST('2026-01-01' AS DATETIME), NULL),
(619, 124, 'Nivel 4', 'Conversación avanzada', CAST('2026-01-01' AS DATETIME), NULL),
(620, 124, 'Nivel 5', 'Fluidez nativa', CAST('2026-01-01' AS DATETIME), NULL),
(621, 125, 'Nivel 1', 'Alfabeto y saludos', CAST('2026-01-01' AS DATETIME), NULL),
(622, 125, 'Nivel 2', 'Vocabulario básico', CAST('2026-01-01' AS DATETIME), NULL),
(623, 125, 'Nivel 3', 'Gramática intermedia', CAST('2026-01-01' AS DATETIME), NULL),
(624, 125, 'Nivel 4', 'Conversación avanzada', CAST('2026-01-01' AS DATETIME), NULL),
(625, 125, 'Nivel 5', 'Fluidez nativa', CAST('2026-01-01' AS DATETIME), NULL),
(626, 126, 'Nivel 1', 'Alfabeto y saludos', CAST('2026-01-01' AS DATETIME), NULL),
(627, 126, 'Nivel 2', 'Vocabulario básico', CAST('2026-01-01' AS DATETIME), NULL),
(628, 126, 'Nivel 3', 'Gramática intermedia', CAST('2026-01-01' AS DATETIME), NULL),
(629, 126, 'Nivel 4', 'Conversación avanzada', CAST('2026-01-01' AS DATETIME), NULL),
(630, 126, 'Nivel 5', 'Fluidez nativa', CAST('2026-01-01' AS DATETIME), NULL),
(631, 127, 'Nivel 1', 'Alfabeto y saludos', CAST('2026-01-01' AS DATETIME), NULL),
(632, 127, 'Nivel 2', 'Vocabulario básico', CAST('2026-01-01' AS DATETIME), NULL),
(633, 127, 'Nivel 3', 'Gramática intermedia', CAST('2026-01-01' AS DATETIME), NULL),
(634, 127, 'Nivel 4', 'Conversación avanzada', CAST('2026-01-01' AS DATETIME), NULL),
(635, 127, 'Nivel 5', 'Fluidez nativa', CAST('2026-01-01' AS DATETIME), NULL),
(636, 128, 'Nivel 1', 'Alfabeto y saludos', CAST('2026-01-01' AS DATETIME), NULL),
(637, 128, 'Nivel 2', 'Vocabulario básico', CAST('2026-01-01' AS DATETIME), NULL),
(638, 128, 'Nivel 3', 'Gramática intermedia', CAST('2026-01-01' AS DATETIME), NULL),
(639, 128, 'Nivel 4', 'Conversación avanzada', CAST('2026-01-01' AS DATETIME), NULL),
(640, 128, 'Nivel 5', 'Fluidez nativa', CAST('2026-01-01' AS DATETIME), NULL),
(641, 129, 'Nivel 1', 'Alfabeto y saludos', CAST('2026-01-01' AS DATETIME), NULL),
(642, 129, 'Nivel 2', 'Vocabulario básico', CAST('2026-01-01' AS DATETIME), NULL),
(643, 129, 'Nivel 3', 'Gramática intermedia', CAST('2026-01-01' AS DATETIME), NULL),
(644, 129, 'Nivel 4', 'Conversación avanzada', CAST('2026-01-01' AS DATETIME), NULL),
(645, 129, 'Nivel 5', 'Fluidez nativa', CAST('2026-01-01' AS DATETIME), NULL),
(646, 130, 'Nivel 1', 'Alfabeto y saludos', CAST('2026-01-01' AS DATETIME), NULL),
(647, 130, 'Nivel 2', 'Vocabulario básico', CAST('2026-01-01' AS DATETIME), NULL),
(648, 130, 'Nivel 3', 'Gramática intermedia', CAST('2026-01-01' AS DATETIME), NULL),
(649, 130, 'Nivel 4', 'Conversación avanzada', CAST('2026-01-01' AS DATETIME), NULL),
(650, 130, 'Nivel 5', 'Fluidez nativa', CAST('2026-01-01' AS DATETIME), NULL),
(651, 131, 'Nivel 1', 'Alfabeto y saludos', CAST('2026-01-01' AS DATETIME), NULL),
(652, 131, 'Nivel 2', 'Vocabulario básico', CAST('2026-01-01' AS DATETIME), NULL),
(653, 131, 'Nivel 3', 'Gramática intermedia', CAST('2026-01-01' AS DATETIME), NULL),
(654, 131, 'Nivel 4', 'Conversación avanzada', CAST('2026-01-01' AS DATETIME), NULL),
(655, 131, 'Nivel 5', 'Fluidez nativa', CAST('2026-01-01' AS DATETIME), NULL),
(656, 132, 'Nivel 1', 'Alfabeto y saludos', CAST('2026-01-01' AS DATETIME), NULL),
(657, 132, 'Nivel 2', 'Vocabulario básico', CAST('2026-01-01' AS DATETIME), NULL),
(658, 132, 'Nivel 3', 'Gramática intermedia', CAST('2026-01-01' AS DATETIME), NULL),
(659, 132, 'Nivel 4', 'Conversación avanzada', CAST('2026-01-01' AS DATETIME), NULL),
(660, 132, 'Nivel 5', 'Fluidez nativa', CAST('2026-01-01' AS DATETIME), NULL),
(661, 133, 'Nivel 1', 'Alfabeto y saludos', CAST('2026-01-01' AS DATETIME), NULL),
(662, 133, 'Nivel 2', 'Vocabulario básico', CAST('2026-01-01' AS DATETIME), NULL),
(663, 133, 'Nivel 3', 'Gramática intermedia', CAST('2026-01-01' AS DATETIME), NULL),
(664, 133, 'Nivel 4', 'Conversación avanzada', CAST('2026-01-01' AS DATETIME), NULL),
(665, 133, 'Nivel 5', 'Fluidez nativa', CAST('2026-01-01' AS DATETIME), NULL),
(666, 134, 'Nivel 1', 'Alfabeto y saludos', CAST('2026-01-01' AS DATETIME), NULL),
(667, 134, 'Nivel 2', 'Vocabulario básico', CAST('2026-01-01' AS DATETIME), NULL),
(668, 134, 'Nivel 3', 'Gramática intermedia', CAST('2026-01-01' AS DATETIME), NULL),
(669, 134, 'Nivel 4', 'Conversación avanzada', CAST('2026-01-01' AS DATETIME), NULL),
(670, 134, 'Nivel 5', 'Fluidez nativa', CAST('2026-01-01' AS DATETIME), NULL),
(671, 135, 'Nivel 1', 'Alfabeto y saludos', CAST('2026-01-01' AS DATETIME), NULL),
(672, 135, 'Nivel 2', 'Vocabulario básico', CAST('2026-01-01' AS DATETIME), NULL),
(673, 135, 'Nivel 3', 'Gramática intermedia', CAST('2026-01-01' AS DATETIME), NULL),
(674, 135, 'Nivel 4', 'Conversación avanzada', CAST('2026-01-01' AS DATETIME), NULL),
(675, 135, 'Nivel 5', 'Fluidez nativa', CAST('2026-01-01' AS DATETIME), NULL),
(676, 136, 'Nivel 1', 'Alfabeto y saludos', CAST('2026-01-01' AS DATETIME), NULL),
(677, 136, 'Nivel 2', 'Vocabulario básico', CAST('2026-01-01' AS DATETIME), NULL),
(678, 136, 'Nivel 3', 'Gramática intermedia', CAST('2026-01-01' AS DATETIME), NULL),
(679, 136, 'Nivel 4', 'Conversación avanzada', CAST('2026-01-01' AS DATETIME), NULL),
(680, 136, 'Nivel 5', 'Fluidez nativa', CAST('2026-01-01' AS DATETIME), NULL),
(681, 137, 'Nivel 1', 'Alfabeto y saludos', CAST('2026-01-01' AS DATETIME), NULL),
(682, 137, 'Nivel 2', 'Vocabulario básico', CAST('2026-01-01' AS DATETIME), NULL),
(683, 137, 'Nivel 3', 'Gramática intermedia', CAST('2026-01-01' AS DATETIME), NULL),
(684, 137, 'Nivel 4', 'Conversación avanzada', CAST('2026-01-01' AS DATETIME), NULL),
(685, 137, 'Nivel 5', 'Fluidez nativa', CAST('2026-01-01' AS DATETIME), NULL),
(686, 138, 'Nivel 1', 'Alfabeto y saludos', CAST('2026-01-01' AS DATETIME), NULL),
(687, 138, 'Nivel 2', 'Vocabulario básico', CAST('2026-01-01' AS DATETIME), NULL),
(688, 138, 'Nivel 3', 'Gramática intermedia', CAST('2026-01-01' AS DATETIME), NULL),
(689, 138, 'Nivel 4', 'Conversación avanzada', CAST('2026-01-01' AS DATETIME), NULL),
(690, 138, 'Nivel 5', 'Fluidez nativa', CAST('2026-01-01' AS DATETIME), NULL),
(691, 139, 'Nivel 1', 'Alfabeto y saludos', CAST('2026-01-01' AS DATETIME), NULL),
(692, 139, 'Nivel 2', 'Vocabulario básico', CAST('2026-01-01' AS DATETIME), NULL),
(693, 139, 'Nivel 3', 'Gramática intermedia', CAST('2026-01-01' AS DATETIME), NULL),
(694, 139, 'Nivel 4', 'Conversación avanzada', CAST('2026-01-01' AS DATETIME), NULL),
(695, 139, 'Nivel 5', 'Fluidez nativa', CAST('2026-01-01' AS DATETIME), NULL),
(696, 140, 'Nivel 1', 'Alfabeto y saludos', CAST('2026-01-01' AS DATETIME), NULL),
(697, 140, 'Nivel 2', 'Vocabulario básico', CAST('2026-01-01' AS DATETIME), NULL),
(698, 140, 'Nivel 3', 'Gramática intermedia', CAST('2026-01-01' AS DATETIME), NULL),
(699, 140, 'Nivel 4', 'Conversación avanzada', CAST('2026-01-01' AS DATETIME), NULL),
(700, 140, 'Nivel 5', 'Fluidez nativa', CAST('2026-01-01' AS DATETIME), NULL),
(701, 141, 'Nivel 1', 'Alfabeto y saludos', CAST('2026-01-01' AS DATETIME), NULL),
(702, 141, 'Nivel 2', 'Vocabulario básico', CAST('2026-01-01' AS DATETIME), NULL),
(703, 141, 'Nivel 3', 'Gramática intermedia', CAST('2026-01-01' AS DATETIME), NULL),
(704, 141, 'Nivel 4', 'Conversación avanzada', CAST('2026-01-01' AS DATETIME), NULL),
(705, 141, 'Nivel 5', 'Fluidez nativa', CAST('2026-01-01' AS DATETIME), NULL),
(706, 142, 'Nivel 1', 'Alfabeto y saludos', CAST('2026-01-01' AS DATETIME), NULL),
(707, 142, 'Nivel 2', 'Vocabulario básico', CAST('2026-01-01' AS DATETIME), NULL),
(708, 142, 'Nivel 3', 'Gramática intermedia', CAST('2026-01-01' AS DATETIME), NULL),
(709, 142, 'Nivel 4', 'Conversación avanzada', CAST('2026-01-01' AS DATETIME), NULL),
(710, 142, 'Nivel 5', 'Fluidez nativa', CAST('2026-01-01' AS DATETIME), NULL),
(711, 143, 'Nivel 1', 'Alfabeto y saludos', CAST('2026-01-01' AS DATETIME), NULL),
(712, 143, 'Nivel 2', 'Vocabulario básico', CAST('2026-01-01' AS DATETIME), NULL),
(713, 143, 'Nivel 3', 'Gramática intermedia', CAST('2026-01-01' AS DATETIME), NULL),
(714, 143, 'Nivel 4', 'Conversación avanzada', CAST('2026-01-01' AS DATETIME), NULL),
(715, 143, 'Nivel 5', 'Fluidez nativa', CAST('2026-01-01' AS DATETIME), NULL),
(716, 144, 'Nivel 1', 'Alfabeto y saludos', CAST('2026-01-01' AS DATETIME), NULL),
(717, 144, 'Nivel 2', 'Vocabulario básico', CAST('2026-01-01' AS DATETIME), NULL),
(718, 144, 'Nivel 3', 'Gramática intermedia', CAST('2026-01-01' AS DATETIME), NULL),
(719, 144, 'Nivel 4', 'Conversación avanzada', CAST('2026-01-01' AS DATETIME), NULL),
(720, 144, 'Nivel 5', 'Fluidez nativa', CAST('2026-01-01' AS DATETIME), NULL),
(721, 145, 'Nivel 1', 'Alfabeto y saludos', CAST('2026-01-01' AS DATETIME), NULL),
(722, 145, 'Nivel 2', 'Vocabulario básico', CAST('2026-01-01' AS DATETIME), NULL),
(723, 145, 'Nivel 3', 'Gramática intermedia', CAST('2026-01-01' AS DATETIME), NULL),
(724, 145, 'Nivel 4', 'Conversación avanzada', CAST('2026-01-01' AS DATETIME), NULL),
(725, 145, 'Nivel 5', 'Fluidez nativa', CAST('2026-01-01' AS DATETIME), NULL),
(726, 146, 'Nivel 1', 'Alfabeto y saludos', CAST('2026-01-01' AS DATETIME), NULL),
(727, 146, 'Nivel 2', 'Vocabulario básico', CAST('2026-01-01' AS DATETIME), NULL),
(728, 146, 'Nivel 3', 'Gramática intermedia', CAST('2026-01-01' AS DATETIME), NULL),
(729, 146, 'Nivel 4', 'Conversación avanzada', CAST('2026-01-01' AS DATETIME), NULL),
(730, 146, 'Nivel 5', 'Fluidez nativa', CAST('2026-01-01' AS DATETIME), NULL),
(731, 147, 'Nivel 1', 'Alfabeto y saludos', CAST('2026-01-01' AS DATETIME), NULL),
(732, 147, 'Nivel 2', 'Vocabulario básico', CAST('2026-01-01' AS DATETIME), NULL),
(733, 147, 'Nivel 3', 'Gramática intermedia', CAST('2026-01-01' AS DATETIME), NULL),
(734, 147, 'Nivel 4', 'Conversación avanzada', CAST('2026-01-01' AS DATETIME), NULL),
(735, 147, 'Nivel 5', 'Fluidez nativa', CAST('2026-01-01' AS DATETIME), NULL),
(736, 148, 'Nivel 1', 'Alfabeto y saludos', CAST('2026-01-01' AS DATETIME), NULL),
(737, 148, 'Nivel 2', 'Vocabulario básico', CAST('2026-01-01' AS DATETIME), NULL),
(738, 148, 'Nivel 3', 'Gramática intermedia', CAST('2026-01-01' AS DATETIME), NULL),
(739, 148, 'Nivel 4', 'Conversación avanzada', CAST('2026-01-01' AS DATETIME), NULL),
(740, 148, 'Nivel 5', 'Fluidez nativa', CAST('2026-01-01' AS DATETIME), NULL),
(741, 149, 'Nivel 1', 'Alfabeto y saludos', CAST('2026-01-01' AS DATETIME), NULL),
(742, 149, 'Nivel 2', 'Vocabulario básico', CAST('2026-01-01' AS DATETIME), NULL),
(743, 149, 'Nivel 3', 'Gramática intermedia', CAST('2026-01-01' AS DATETIME), NULL),
(744, 149, 'Nivel 4', 'Conversación avanzada', CAST('2026-01-01' AS DATETIME), NULL),
(745, 149, 'Nivel 5', 'Fluidez nativa', CAST('2026-01-01' AS DATETIME), NULL),
(746, 150, 'Nivel 1', 'Alfabeto y saludos', CAST('2026-01-01' AS DATETIME), NULL),
(747, 150, 'Nivel 2', 'Vocabulario básico', CAST('2026-01-01' AS DATETIME), NULL),
(748, 150, 'Nivel 3', 'Gramática intermedia', CAST('2026-01-01' AS DATETIME), NULL),
(749, 150, 'Nivel 4', 'Conversación avanzada', CAST('2026-01-01' AS DATETIME), NULL),
(750, 150, 'Nivel 5', 'Fluidez nativa', CAST('2026-01-01' AS DATETIME), NULL),
(751, 151, 'Nivel 1', 'Alfabeto y saludos', CAST('2026-01-01' AS DATETIME), NULL),
(752, 151, 'Nivel 2', 'Vocabulario básico', CAST('2026-01-01' AS DATETIME), NULL),
(753, 151, 'Nivel 3', 'Gramática intermedia', CAST('2026-01-01' AS DATETIME), NULL),
(754, 151, 'Nivel 4', 'Conversación avanzada', CAST('2026-01-01' AS DATETIME), NULL),
(755, 151, 'Nivel 5', 'Fluidez nativa', CAST('2026-01-01' AS DATETIME), NULL),
(756, 152, 'Nivel 1', 'Alfabeto y saludos', CAST('2026-01-01' AS DATETIME), NULL),
(757, 152, 'Nivel 2', 'Vocabulario básico', CAST('2026-01-01' AS DATETIME), NULL),
(758, 152, 'Nivel 3', 'Gramática intermedia', CAST('2026-01-01' AS DATETIME), NULL),
(759, 152, 'Nivel 4', 'Conversación avanzada', CAST('2026-01-01' AS DATETIME), NULL),
(760, 152, 'Nivel 5', 'Fluidez nativa', CAST('2026-01-01' AS DATETIME), NULL),
(761, 153, 'Nivel 1', 'Alfabeto y saludos', CAST('2026-01-01' AS DATETIME), NULL),
(762, 153, 'Nivel 2', 'Vocabulario básico', CAST('2026-01-01' AS DATETIME), NULL),
(763, 153, 'Nivel 3', 'Gramática intermedia', CAST('2026-01-01' AS DATETIME), NULL),
(764, 153, 'Nivel 4', 'Conversación avanzada', CAST('2026-01-01' AS DATETIME), NULL),
(765, 153, 'Nivel 5', 'Fluidez nativa', CAST('2026-01-01' AS DATETIME), NULL),
(766, 154, 'Nivel 1', 'Alfabeto y saludos', CAST('2026-01-01' AS DATETIME), NULL),
(767, 154, 'Nivel 2', 'Vocabulario básico', CAST('2026-01-01' AS DATETIME), NULL),
(768, 154, 'Nivel 3', 'Gramática intermedia', CAST('2026-01-01' AS DATETIME), NULL),
(769, 154, 'Nivel 4', 'Conversación avanzada', CAST('2026-01-01' AS DATETIME), NULL),
(770, 154, 'Nivel 5', 'Fluidez nativa', CAST('2026-01-01' AS DATETIME), NULL),
(771, 155, 'Nivel 1', 'Alfabeto y saludos', CAST('2026-01-01' AS DATETIME), NULL),
(772, 155, 'Nivel 2', 'Vocabulario básico', CAST('2026-01-01' AS DATETIME), NULL),
(773, 155, 'Nivel 3', 'Gramática intermedia', CAST('2026-01-01' AS DATETIME), NULL),
(774, 155, 'Nivel 4', 'Conversación avanzada', CAST('2026-01-01' AS DATETIME), NULL),
(775, 155, 'Nivel 5', 'Fluidez nativa', CAST('2026-01-01' AS DATETIME), NULL),
(776, 156, 'Nivel 1', 'Alfabeto y saludos', CAST('2026-01-01' AS DATETIME), NULL),
(777, 156, 'Nivel 2', 'Vocabulario básico', CAST('2026-01-01' AS DATETIME), NULL),
(778, 156, 'Nivel 3', 'Gramática intermedia', CAST('2026-01-01' AS DATETIME), NULL),
(779, 156, 'Nivel 4', 'Conversación avanzada', CAST('2026-01-01' AS DATETIME), NULL),
(780, 156, 'Nivel 5', 'Fluidez nativa', CAST('2026-01-01' AS DATETIME), NULL),
(781, 157, 'Nivel 1', 'Alfabeto y saludos', CAST('2026-01-01' AS DATETIME), NULL),
(782, 157, 'Nivel 2', 'Vocabulario básico', CAST('2026-01-01' AS DATETIME), NULL),
(783, 157, 'Nivel 3', 'Gramática intermedia', CAST('2026-01-01' AS DATETIME), NULL),
(784, 157, 'Nivel 4', 'Conversación avanzada', CAST('2026-01-01' AS DATETIME), NULL),
(785, 157, 'Nivel 5', 'Fluidez nativa', CAST('2026-01-01' AS DATETIME), NULL),
(786, 158, 'Nivel 1', 'Alfabeto y saludos', CAST('2026-01-01' AS DATETIME), NULL),
(787, 158, 'Nivel 2', 'Vocabulario básico', CAST('2026-01-01' AS DATETIME), NULL),
(788, 158, 'Nivel 3', 'Gramática intermedia', CAST('2026-01-01' AS DATETIME), NULL),
(789, 158, 'Nivel 4', 'Conversación avanzada', CAST('2026-01-01' AS DATETIME), NULL),
(790, 158, 'Nivel 5', 'Fluidez nativa', CAST('2026-01-01' AS DATETIME), NULL),
(791, 159, 'Nivel 1', 'Alfabeto y saludos', CAST('2026-01-01' AS DATETIME), NULL),
(792, 159, 'Nivel 2', 'Vocabulario básico', CAST('2026-01-01' AS DATETIME), NULL),
(793, 159, 'Nivel 3', 'Gramática intermedia', CAST('2026-01-01' AS DATETIME), NULL),
(794, 159, 'Nivel 4', 'Conversación avanzada', CAST('2026-01-01' AS DATETIME), NULL),
(795, 159, 'Nivel 5', 'Fluidez nativa', CAST('2026-01-01' AS DATETIME), NULL),
(796, 160, 'Nivel 1', 'Alfabeto y saludos', CAST('2026-01-01' AS DATETIME), NULL),
(797, 160, 'Nivel 2', 'Vocabulario básico', CAST('2026-01-01' AS DATETIME), NULL),
(798, 160, 'Nivel 3', 'Gramática intermedia', CAST('2026-01-01' AS DATETIME), NULL),
(799, 160, 'Nivel 4', 'Conversación avanzada', CAST('2026-01-01' AS DATETIME), NULL),
(800, 160, 'Nivel 5', 'Fluidez nativa', CAST('2026-01-01' AS DATETIME), NULL),
(801, 161, 'Nivel 1', 'Alfabeto y saludos', CAST('2026-01-01' AS DATETIME), NULL),
(802, 161, 'Nivel 2', 'Vocabulario básico', CAST('2026-01-01' AS DATETIME), NULL),
(803, 161, 'Nivel 3', 'Gramática intermedia', CAST('2026-01-01' AS DATETIME), NULL),
(804, 161, 'Nivel 4', 'Conversación avanzada', CAST('2026-01-01' AS DATETIME), NULL),
(805, 161, 'Nivel 5', 'Fluidez nativa', CAST('2026-01-01' AS DATETIME), NULL),
(806, 162, 'Nivel 1', 'Alfabeto y saludos', CAST('2026-01-01' AS DATETIME), NULL),
(807, 162, 'Nivel 2', 'Vocabulario básico', CAST('2026-01-01' AS DATETIME), NULL),
(808, 162, 'Nivel 3', 'Gramática intermedia', CAST('2026-01-01' AS DATETIME), NULL),
(809, 162, 'Nivel 4', 'Conversación avanzada', CAST('2026-01-01' AS DATETIME), NULL),
(810, 162, 'Nivel 5', 'Fluidez nativa', CAST('2026-01-01' AS DATETIME), NULL),
(811, 163, 'Nivel 1', 'Alfabeto y saludos', CAST('2026-01-01' AS DATETIME), NULL),
(812, 163, 'Nivel 2', 'Vocabulario básico', CAST('2026-01-01' AS DATETIME), NULL),
(813, 163, 'Nivel 3', 'Gramática intermedia', CAST('2026-01-01' AS DATETIME), NULL),
(814, 163, 'Nivel 4', 'Conversación avanzada', CAST('2026-01-01' AS DATETIME), NULL),
(815, 163, 'Nivel 5', 'Fluidez nativa', CAST('2026-01-01' AS DATETIME), NULL),
(816, 164, 'Nivel 1', 'Alfabeto y saludos', CAST('2026-01-01' AS DATETIME), NULL),
(817, 164, 'Nivel 2', 'Vocabulario básico', CAST('2026-01-01' AS DATETIME), NULL),
(818, 164, 'Nivel 3', 'Gramática intermedia', CAST('2026-01-01' AS DATETIME), NULL),
(819, 164, 'Nivel 4', 'Conversación avanzada', CAST('2026-01-01' AS DATETIME), NULL),
(820, 164, 'Nivel 5', 'Fluidez nativa', CAST('2026-01-01' AS DATETIME), NULL),
(821, 165, 'Nivel 1', 'Alfabeto y saludos', CAST('2026-01-01' AS DATETIME), NULL),
(822, 165, 'Nivel 2', 'Vocabulario básico', CAST('2026-01-01' AS DATETIME), NULL),
(823, 165, 'Nivel 3', 'Gramática intermedia', CAST('2026-01-01' AS DATETIME), NULL),
(824, 165, 'Nivel 4', 'Conversación avanzada', CAST('2026-01-01' AS DATETIME), NULL),
(825, 165, 'Nivel 5', 'Fluidez nativa', CAST('2026-01-01' AS DATETIME), NULL),
(826, 166, 'Nivel 1', 'Alfabeto y saludos', CAST('2026-01-01' AS DATETIME), NULL),
(827, 166, 'Nivel 2', 'Vocabulario básico', CAST('2026-01-01' AS DATETIME), NULL),
(828, 166, 'Nivel 3', 'Gramática intermedia', CAST('2026-01-01' AS DATETIME), NULL),
(829, 166, 'Nivel 4', 'Conversación avanzada', CAST('2026-01-01' AS DATETIME), NULL),
(830, 166, 'Nivel 5', 'Fluidez nativa', CAST('2026-01-01' AS DATETIME), NULL),
(831, 167, 'Nivel 1', 'Alfabeto y saludos', CAST('2026-01-01' AS DATETIME), NULL),
(832, 167, 'Nivel 2', 'Vocabulario básico', CAST('2026-01-01' AS DATETIME), NULL),
(833, 167, 'Nivel 3', 'Gramática intermedia', CAST('2026-01-01' AS DATETIME), NULL),
(834, 167, 'Nivel 4', 'Conversación avanzada', CAST('2026-01-01' AS DATETIME), NULL),
(835, 167, 'Nivel 5', 'Fluidez nativa', CAST('2026-01-01' AS DATETIME), NULL),
(836, 168, 'Nivel 1', 'Alfabeto y saludos', CAST('2026-01-01' AS DATETIME), NULL),
(837, 168, 'Nivel 2', 'Vocabulario básico', CAST('2026-01-01' AS DATETIME), NULL),
(838, 168, 'Nivel 3', 'Gramática intermedia', CAST('2026-01-01' AS DATETIME), NULL),
(839, 168, 'Nivel 4', 'Conversación avanzada', CAST('2026-01-01' AS DATETIME), NULL),
(840, 168, 'Nivel 5', 'Fluidez nativa', CAST('2026-01-01' AS DATETIME), NULL),
(841, 169, 'Nivel 1', 'Alfabeto y saludos', CAST('2026-01-01' AS DATETIME), NULL),
(842, 169, 'Nivel 2', 'Vocabulario básico', CAST('2026-01-01' AS DATETIME), NULL),
(843, 169, 'Nivel 3', 'Gramática intermedia', CAST('2026-01-01' AS DATETIME), NULL),
(844, 169, 'Nivel 4', 'Conversación avanzada', CAST('2026-01-01' AS DATETIME), NULL),
(845, 169, 'Nivel 5', 'Fluidez nativa', CAST('2026-01-01' AS DATETIME), NULL),
(846, 170, 'Nivel 1', 'Alfabeto y saludos', CAST('2026-01-01' AS DATETIME), NULL),
(847, 170, 'Nivel 2', 'Vocabulario básico', CAST('2026-01-01' AS DATETIME), NULL),
(848, 170, 'Nivel 3', 'Gramática intermedia', CAST('2026-01-01' AS DATETIME), NULL),
(849, 170, 'Nivel 4', 'Conversación avanzada', CAST('2026-01-01' AS DATETIME), NULL),
(850, 170, 'Nivel 5', 'Fluidez nativa', CAST('2026-01-01' AS DATETIME), NULL),
(851, 171, 'Nivel 1', 'Alfabeto y saludos', CAST('2026-01-01' AS DATETIME), NULL),
(852, 171, 'Nivel 2', 'Vocabulario básico', CAST('2026-01-01' AS DATETIME), NULL),
(853, 171, 'Nivel 3', 'Gramática intermedia', CAST('2026-01-01' AS DATETIME), NULL),
(854, 171, 'Nivel 4', 'Conversación avanzada', CAST('2026-01-01' AS DATETIME), NULL),
(855, 171, 'Nivel 5', 'Fluidez nativa', CAST('2026-01-01' AS DATETIME), NULL),
(856, 172, 'Nivel 1', 'Alfabeto y saludos', CAST('2026-01-01' AS DATETIME), NULL),
(857, 172, 'Nivel 2', 'Vocabulario básico', CAST('2026-01-01' AS DATETIME), NULL),
(858, 172, 'Nivel 3', 'Gramática intermedia', CAST('2026-01-01' AS DATETIME), NULL),
(859, 172, 'Nivel 4', 'Conversación avanzada', CAST('2026-01-01' AS DATETIME), NULL),
(860, 172, 'Nivel 5', 'Fluidez nativa', CAST('2026-01-01' AS DATETIME), NULL),
(861, 173, 'Nivel 1', 'Alfabeto y saludos', CAST('2026-01-01' AS DATETIME), NULL),
(862, 173, 'Nivel 2', 'Vocabulario básico', CAST('2026-01-01' AS DATETIME), NULL),
(863, 173, 'Nivel 3', 'Gramática intermedia', CAST('2026-01-01' AS DATETIME), NULL),
(864, 173, 'Nivel 4', 'Conversación avanzada', CAST('2026-01-01' AS DATETIME), NULL),
(865, 173, 'Nivel 5', 'Fluidez nativa', CAST('2026-01-01' AS DATETIME), NULL),
(866, 174, 'Nivel 1', 'Alfabeto y saludos', CAST('2026-01-01' AS DATETIME), NULL),
(867, 174, 'Nivel 2', 'Vocabulario básico', CAST('2026-01-01' AS DATETIME), NULL),
(868, 174, 'Nivel 3', 'Gramática intermedia', CAST('2026-01-01' AS DATETIME), NULL),
(869, 174, 'Nivel 4', 'Conversación avanzada', CAST('2026-01-01' AS DATETIME), NULL),
(870, 174, 'Nivel 5', 'Fluidez nativa', CAST('2026-01-01' AS DATETIME), NULL),
(871, 175, 'Nivel 1', 'Alfabeto y saludos', CAST('2026-01-01' AS DATETIME), NULL),
(872, 175, 'Nivel 2', 'Vocabulario básico', CAST('2026-01-01' AS DATETIME), NULL),
(873, 175, 'Nivel 3', 'Gramática intermedia', CAST('2026-01-01' AS DATETIME), NULL),
(874, 175, 'Nivel 4', 'Conversación avanzada', CAST('2026-01-01' AS DATETIME), NULL),
(875, 175, 'Nivel 5', 'Fluidez nativa', CAST('2026-01-01' AS DATETIME), NULL),
(876, 176, 'Nivel 1', 'Alfabeto y saludos', CAST('2026-01-01' AS DATETIME), NULL),
(877, 176, 'Nivel 2', 'Vocabulario básico', CAST('2026-01-01' AS DATETIME), NULL),
(878, 176, 'Nivel 3', 'Gramática intermedia', CAST('2026-01-01' AS DATETIME), NULL),
(879, 176, 'Nivel 4', 'Conversación avanzada', CAST('2026-01-01' AS DATETIME), NULL),
(880, 176, 'Nivel 5', 'Fluidez nativa', CAST('2026-01-01' AS DATETIME), NULL),
(881, 177, 'Nivel 1', 'Alfabeto y saludos', CAST('2026-01-01' AS DATETIME), NULL),
(882, 177, 'Nivel 2', 'Vocabulario básico', CAST('2026-01-01' AS DATETIME), NULL),
(883, 177, 'Nivel 3', 'Gramática intermedia', CAST('2026-01-01' AS DATETIME), NULL),
(884, 177, 'Nivel 4', 'Conversación avanzada', CAST('2026-01-01' AS DATETIME), NULL),
(885, 177, 'Nivel 5', 'Fluidez nativa', CAST('2026-01-01' AS DATETIME), NULL),
(886, 178, 'Nivel 1', 'Alfabeto y saludos', CAST('2026-01-01' AS DATETIME), NULL),
(887, 178, 'Nivel 2', 'Vocabulario básico', CAST('2026-01-01' AS DATETIME), NULL),
(888, 178, 'Nivel 3', 'Gramática intermedia', CAST('2026-01-01' AS DATETIME), NULL),
(889, 178, 'Nivel 4', 'Conversación avanzada', CAST('2026-01-01' AS DATETIME), NULL),
(890, 178, 'Nivel 5', 'Fluidez nativa', CAST('2026-01-01' AS DATETIME), NULL),
(891, 179, 'Nivel 1', 'Alfabeto y saludos', CAST('2026-01-01' AS DATETIME), NULL),
(892, 179, 'Nivel 2', 'Vocabulario básico', CAST('2026-01-01' AS DATETIME), NULL),
(893, 179, 'Nivel 3', 'Gramática intermedia', CAST('2026-01-01' AS DATETIME), NULL),
(894, 179, 'Nivel 4', 'Conversación avanzada', CAST('2026-01-01' AS DATETIME), NULL),
(895, 179, 'Nivel 5', 'Fluidez nativa', CAST('2026-01-01' AS DATETIME), NULL),
(896, 180, 'Nivel 1', 'Alfabeto y saludos', CAST('2026-01-01' AS DATETIME), NULL),
(897, 180, 'Nivel 2', 'Vocabulario básico', CAST('2026-01-01' AS DATETIME), NULL),
(898, 180, 'Nivel 3', 'Gramática intermedia', CAST('2026-01-01' AS DATETIME), NULL),
(899, 180, 'Nivel 4', 'Conversación avanzada', CAST('2026-01-01' AS DATETIME), NULL),
(900, 180, 'Nivel 5', 'Fluidez nativa', CAST('2026-01-01' AS DATETIME), NULL),
(901, 181, 'Nivel 1', 'Alfabeto y saludos', CAST('2026-01-01' AS DATETIME), NULL),
(902, 181, 'Nivel 2', 'Vocabulario básico', CAST('2026-01-01' AS DATETIME), NULL),
(903, 181, 'Nivel 3', 'Gramática intermedia', CAST('2026-01-01' AS DATETIME), NULL),
(904, 181, 'Nivel 4', 'Conversación avanzada', CAST('2026-01-01' AS DATETIME), NULL),
(905, 181, 'Nivel 5', 'Fluidez nativa', CAST('2026-01-01' AS DATETIME), NULL),
(906, 182, 'Nivel 1', 'Alfabeto y saludos', CAST('2026-01-01' AS DATETIME), NULL),
(907, 182, 'Nivel 2', 'Vocabulario básico', CAST('2026-01-01' AS DATETIME), NULL),
(908, 182, 'Nivel 3', 'Gramática intermedia', CAST('2026-01-01' AS DATETIME), NULL),
(909, 182, 'Nivel 4', 'Conversación avanzada', CAST('2026-01-01' AS DATETIME), NULL),
(910, 182, 'Nivel 5', 'Fluidez nativa', CAST('2026-01-01' AS DATETIME), NULL),
(911, 183, 'Nivel 1', 'Alfabeto y saludos', CAST('2026-01-01' AS DATETIME), NULL),
(912, 183, 'Nivel 2', 'Vocabulario básico', CAST('2026-01-01' AS DATETIME), NULL),
(913, 183, 'Nivel 3', 'Gramática intermedia', CAST('2026-01-01' AS DATETIME), NULL),
(914, 183, 'Nivel 4', 'Conversación avanzada', CAST('2026-01-01' AS DATETIME), NULL),
(915, 183, 'Nivel 5', 'Fluidez nativa', CAST('2026-01-01' AS DATETIME), NULL),
(916, 184, 'Nivel 1', 'Alfabeto y saludos', CAST('2026-01-01' AS DATETIME), NULL),
(917, 184, 'Nivel 2', 'Vocabulario básico', CAST('2026-01-01' AS DATETIME), NULL),
(918, 184, 'Nivel 3', 'Gramática intermedia', CAST('2026-01-01' AS DATETIME), NULL),
(919, 184, 'Nivel 4', 'Conversación avanzada', CAST('2026-01-01' AS DATETIME), NULL),
(920, 184, 'Nivel 5', 'Fluidez nativa', CAST('2026-01-01' AS DATETIME), NULL),
(921, 185, 'Nivel 1', 'Alfabeto y saludos', CAST('2026-01-01' AS DATETIME), NULL),
(922, 185, 'Nivel 2', 'Vocabulario básico', CAST('2026-01-01' AS DATETIME), NULL),
(923, 185, 'Nivel 3', 'Gramática intermedia', CAST('2026-01-01' AS DATETIME), NULL),
(924, 185, 'Nivel 4', 'Conversación avanzada', CAST('2026-01-01' AS DATETIME), NULL),
(925, 185, 'Nivel 5', 'Fluidez nativa', CAST('2026-01-01' AS DATETIME), NULL),
(926, 186, 'Nivel 1', 'Alfabeto y saludos', CAST('2026-01-01' AS DATETIME), NULL),
(927, 186, 'Nivel 2', 'Vocabulario básico', CAST('2026-01-01' AS DATETIME), NULL),
(928, 186, 'Nivel 3', 'Gramática intermedia', CAST('2026-01-01' AS DATETIME), NULL),
(929, 186, 'Nivel 4', 'Conversación avanzada', CAST('2026-01-01' AS DATETIME), NULL),
(930, 186, 'Nivel 5', 'Fluidez nativa', CAST('2026-01-01' AS DATETIME), NULL),
(931, 187, 'Nivel 1', 'Alfabeto y saludos', CAST('2026-01-01' AS DATETIME), NULL),
(932, 187, 'Nivel 2', 'Vocabulario básico', CAST('2026-01-01' AS DATETIME), NULL),
(933, 187, 'Nivel 3', 'Gramática intermedia', CAST('2026-01-01' AS DATETIME), NULL),
(934, 187, 'Nivel 4', 'Conversación avanzada', CAST('2026-01-01' AS DATETIME), NULL),
(935, 187, 'Nivel 5', 'Fluidez nativa', CAST('2026-01-01' AS DATETIME), NULL),
(936, 188, 'Nivel 1', 'Alfabeto y saludos', CAST('2026-01-01' AS DATETIME), NULL),
(937, 188, 'Nivel 2', 'Vocabulario básico', CAST('2026-01-01' AS DATETIME), NULL),
(938, 188, 'Nivel 3', 'Gramática intermedia', CAST('2026-01-01' AS DATETIME), NULL),
(939, 188, 'Nivel 4', 'Conversación avanzada', CAST('2026-01-01' AS DATETIME), NULL),
(940, 188, 'Nivel 5', 'Fluidez nativa', CAST('2026-01-01' AS DATETIME), NULL),
(941, 189, 'Nivel 1', 'Alfabeto y saludos', CAST('2026-01-01' AS DATETIME), NULL),
(942, 189, 'Nivel 2', 'Vocabulario básico', CAST('2026-01-01' AS DATETIME), NULL),
(943, 189, 'Nivel 3', 'Gramática intermedia', CAST('2026-01-01' AS DATETIME), NULL),
(944, 189, 'Nivel 4', 'Conversación avanzada', CAST('2026-01-01' AS DATETIME), NULL),
(945, 189, 'Nivel 5', 'Fluidez nativa', CAST('2026-01-01' AS DATETIME), NULL),
(946, 190, 'Nivel 1', 'Alfabeto y saludos', CAST('2026-01-01' AS DATETIME), NULL),
(947, 190, 'Nivel 2', 'Vocabulario básico', CAST('2026-01-01' AS DATETIME), NULL),
(948, 190, 'Nivel 3', 'Gramática intermedia', CAST('2026-01-01' AS DATETIME), NULL),
(949, 190, 'Nivel 4', 'Conversación avanzada', CAST('2026-01-01' AS DATETIME), NULL),
(950, 190, 'Nivel 5', 'Fluidez nativa', CAST('2026-01-01' AS DATETIME), NULL),
(951, 191, 'Nivel 1', 'Alfabeto y saludos', CAST('2026-01-01' AS DATETIME), NULL),
(952, 191, 'Nivel 2', 'Vocabulario básico', CAST('2026-01-01' AS DATETIME), NULL),
(953, 191, 'Nivel 3', 'Gramática intermedia', CAST('2026-01-01' AS DATETIME), NULL),
(954, 191, 'Nivel 4', 'Conversación avanzada', CAST('2026-01-01' AS DATETIME), NULL),
(955, 191, 'Nivel 5', 'Fluidez nativa', CAST('2026-01-01' AS DATETIME), NULL),
(956, 192, 'Nivel 1', 'Alfabeto y saludos', CAST('2026-01-01' AS DATETIME), NULL),
(957, 192, 'Nivel 2', 'Vocabulario básico', CAST('2026-01-01' AS DATETIME), NULL),
(958, 192, 'Nivel 3', 'Gramática intermedia', CAST('2026-01-01' AS DATETIME), NULL),
(959, 192, 'Nivel 4', 'Conversación avanzada', CAST('2026-01-01' AS DATETIME), NULL),
(960, 192, 'Nivel 5', 'Fluidez nativa', CAST('2026-01-01' AS DATETIME), NULL),
(961, 193, 'Nivel 1', 'Alfabeto y saludos', CAST('2026-01-01' AS DATETIME), NULL),
(962, 193, 'Nivel 2', 'Vocabulario básico', CAST('2026-01-01' AS DATETIME), NULL),
(963, 193, 'Nivel 3', 'Gramática intermedia', CAST('2026-01-01' AS DATETIME), NULL),
(964, 193, 'Nivel 4', 'Conversación avanzada', CAST('2026-01-01' AS DATETIME), NULL),
(965, 193, 'Nivel 5', 'Fluidez nativa', CAST('2026-01-01' AS DATETIME), NULL),
(966, 194, 'Nivel 1', 'Alfabeto y saludos', CAST('2026-01-01' AS DATETIME), NULL),
(967, 194, 'Nivel 2', 'Vocabulario básico', CAST('2026-01-01' AS DATETIME), NULL),
(968, 194, 'Nivel 3', 'Gramática intermedia', CAST('2026-01-01' AS DATETIME), NULL),
(969, 194, 'Nivel 4', 'Conversación avanzada', CAST('2026-01-01' AS DATETIME), NULL),
(970, 194, 'Nivel 5', 'Fluidez nativa', CAST('2026-01-01' AS DATETIME), NULL),
(971, 195, 'Nivel 1', 'Alfabeto y saludos', CAST('2026-01-01' AS DATETIME), NULL),
(972, 195, 'Nivel 2', 'Vocabulario básico', CAST('2026-01-01' AS DATETIME), NULL),
(973, 195, 'Nivel 3', 'Gramática intermedia', CAST('2026-01-01' AS DATETIME), NULL),
(974, 195, 'Nivel 4', 'Conversación avanzada', CAST('2026-01-01' AS DATETIME), NULL),
(975, 195, 'Nivel 5', 'Fluidez nativa', CAST('2026-01-01' AS DATETIME), NULL),
(976, 196, 'Nivel 1', 'Alfabeto y saludos', CAST('2026-01-01' AS DATETIME), NULL),
(977, 196, 'Nivel 2', 'Vocabulario básico', CAST('2026-01-01' AS DATETIME), NULL),
(978, 196, 'Nivel 3', 'Gramática intermedia', CAST('2026-01-01' AS DATETIME), NULL),
(979, 196, 'Nivel 4', 'Conversación avanzada', CAST('2026-01-01' AS DATETIME), NULL),
(980, 196, 'Nivel 5', 'Fluidez nativa', CAST('2026-01-01' AS DATETIME), NULL),
(981, 197, 'Nivel 1', 'Alfabeto y saludos', CAST('2026-01-01' AS DATETIME), NULL),
(982, 197, 'Nivel 2', 'Vocabulario básico', CAST('2026-01-01' AS DATETIME), NULL),
(983, 197, 'Nivel 3', 'Gramática intermedia', CAST('2026-01-01' AS DATETIME), NULL),
(984, 197, 'Nivel 4', 'Conversación avanzada', CAST('2026-01-01' AS DATETIME), NULL),
(985, 197, 'Nivel 5', 'Fluidez nativa', CAST('2026-01-01' AS DATETIME), NULL),
(986, 198, 'Nivel 1', 'Alfabeto y saludos', CAST('2026-01-01' AS DATETIME), NULL),
(987, 198, 'Nivel 2', 'Vocabulario básico', CAST('2026-01-01' AS DATETIME), NULL),
(988, 198, 'Nivel 3', 'Gramática intermedia', CAST('2026-01-01' AS DATETIME), NULL),
(989, 198, 'Nivel 4', 'Conversación avanzada', CAST('2026-01-01' AS DATETIME), NULL),
(990, 198, 'Nivel 5', 'Fluidez nativa', CAST('2026-01-01' AS DATETIME), NULL),
(991, 199, 'Nivel 1', 'Alfabeto y saludos', CAST('2026-01-01' AS DATETIME), NULL),
(992, 199, 'Nivel 2', 'Vocabulario básico', CAST('2026-01-01' AS DATETIME), NULL),
(993, 199, 'Nivel 3', 'Gramática intermedia', CAST('2026-01-01' AS DATETIME), NULL),
(994, 199, 'Nivel 4', 'Conversación avanzada', CAST('2026-01-01' AS DATETIME), NULL),
(995, 199, 'Nivel 5', 'Fluidez nativa', CAST('2026-01-01' AS DATETIME), NULL),
(996, 200, 'Nivel 1', 'Alfabeto y saludos', CAST('2026-01-01' AS DATETIME), NULL),
(997, 200, 'Nivel 2', 'Vocabulario básico', CAST('2026-01-01' AS DATETIME), NULL),
(998, 200, 'Nivel 3', 'Gramática intermedia', CAST('2026-01-01' AS DATETIME), NULL),
(999, 200, 'Nivel 4', 'Conversación avanzada', CAST('2026-01-01' AS DATETIME), NULL),
(1000, 200, 'Nivel 5', 'Fluidez nativa', CAST('2026-01-01' AS DATETIME), NULL),
(1001, 201, 'Nivel 1', 'Alfabeto y saludos', CAST('2026-01-01' AS DATETIME), NULL),
(1002, 201, 'Nivel 2', 'Vocabulario básico', CAST('2026-01-01' AS DATETIME), NULL),
(1003, 201, 'Nivel 3', 'Gramática intermedia', CAST('2026-01-01' AS DATETIME), NULL),
(1004, 201, 'Nivel 4', 'Conversación avanzada', CAST('2026-01-01' AS DATETIME), NULL),
(1005, 201, 'Nivel 5', 'Fluidez nativa', CAST('2026-01-01' AS DATETIME), NULL),
(1006, 202, 'Nivel 1', 'Alfabeto y saludos', CAST('2026-01-01' AS DATETIME), NULL),
(1007, 202, 'Nivel 2', 'Vocabulario básico', CAST('2026-01-01' AS DATETIME), NULL),
(1008, 202, 'Nivel 3', 'Gramática intermedia', CAST('2026-01-01' AS DATETIME), NULL),
(1009, 202, 'Nivel 4', 'Conversación avanzada', CAST('2026-01-01' AS DATETIME), NULL),
(1010, 202, 'Nivel 5', 'Fluidez nativa', CAST('2026-01-01' AS DATETIME), NULL),
(1011, 203, 'Nivel 1', 'Alfabeto y saludos', CAST('2026-01-01' AS DATETIME), NULL),
(1012, 203, 'Nivel 2', 'Vocabulario básico', CAST('2026-01-01' AS DATETIME), NULL),
(1013, 203, 'Nivel 3', 'Gramática intermedia', CAST('2026-01-01' AS DATETIME), NULL),
(1014, 203, 'Nivel 4', 'Conversación avanzada', CAST('2026-01-01' AS DATETIME), NULL),
(1015, 203, 'Nivel 5', 'Fluidez nativa', CAST('2026-01-01' AS DATETIME), NULL),
(1016, 204, 'Nivel 1', 'Alfabeto y saludos', CAST('2026-01-01' AS DATETIME), NULL),
(1017, 204, 'Nivel 2', 'Vocabulario básico', CAST('2026-01-01' AS DATETIME), NULL),
(1018, 204, 'Nivel 3', 'Gramática intermedia', CAST('2026-01-01' AS DATETIME), NULL),
(1019, 204, 'Nivel 4', 'Conversación avanzada', CAST('2026-01-01' AS DATETIME), NULL),
(1020, 204, 'Nivel 5', 'Fluidez nativa', CAST('2026-01-01' AS DATETIME), NULL),
(1021, 205, 'Nivel 1', 'Alfabeto y saludos', CAST('2026-01-01' AS DATETIME), NULL),
(1022, 205, 'Nivel 2', 'Vocabulario básico', CAST('2026-01-01' AS DATETIME), NULL),
(1023, 205, 'Nivel 3', 'Gramática intermedia', CAST('2026-01-01' AS DATETIME), NULL),
(1024, 205, 'Nivel 4', 'Conversación avanzada', CAST('2026-01-01' AS DATETIME), NULL),
(1025, 205, 'Nivel 5', 'Fluidez nativa', CAST('2026-01-01' AS DATETIME), NULL),
(1026, 206, 'Nivel 1', 'Alfabeto y saludos', CAST('2026-01-01' AS DATETIME), NULL),
(1027, 206, 'Nivel 2', 'Vocabulario básico', CAST('2026-01-01' AS DATETIME), NULL),
(1028, 206, 'Nivel 3', 'Gramática intermedia', CAST('2026-01-01' AS DATETIME), NULL),
(1029, 206, 'Nivel 4', 'Conversación avanzada', CAST('2026-01-01' AS DATETIME), NULL),
(1030, 206, 'Nivel 5', 'Fluidez nativa', CAST('2026-01-01' AS DATETIME), NULL),
(1031, 207, 'Nivel 1', 'Alfabeto y saludos', CAST('2026-01-01' AS DATETIME), NULL),
(1032, 207, 'Nivel 2', 'Vocabulario básico', CAST('2026-01-01' AS DATETIME), NULL),
(1033, 207, 'Nivel 3', 'Gramática intermedia', CAST('2026-01-01' AS DATETIME), NULL),
(1034, 207, 'Nivel 4', 'Conversación avanzada', CAST('2026-01-01' AS DATETIME), NULL),
(1035, 207, 'Nivel 5', 'Fluidez nativa', CAST('2026-01-01' AS DATETIME), NULL),
(1036, 208, 'Nivel 1', 'Alfabeto y saludos', CAST('2026-01-01' AS DATETIME), NULL),
(1037, 208, 'Nivel 2', 'Vocabulario básico', CAST('2026-01-01' AS DATETIME), NULL),
(1038, 208, 'Nivel 3', 'Gramática intermedia', CAST('2026-01-01' AS DATETIME), NULL),
(1039, 208, 'Nivel 4', 'Conversación avanzada', CAST('2026-01-01' AS DATETIME), NULL),
(1040, 208, 'Nivel 5', 'Fluidez nativa', CAST('2026-01-01' AS DATETIME), NULL),
(1041, 209, 'Nivel 1', 'Alfabeto y saludos', CAST('2026-01-01' AS DATETIME), NULL),
(1042, 209, 'Nivel 2', 'Vocabulario básico', CAST('2026-01-01' AS DATETIME), NULL),
(1043, 209, 'Nivel 3', 'Gramática intermedia', CAST('2026-01-01' AS DATETIME), NULL),
(1044, 209, 'Nivel 4', 'Conversación avanzada', CAST('2026-01-01' AS DATETIME), NULL),
(1045, 209, 'Nivel 5', 'Fluidez nativa', CAST('2026-01-01' AS DATETIME), NULL),
(1046, 210, 'Nivel 1', 'Alfabeto y saludos', CAST('2026-01-01' AS DATETIME), NULL),
(1047, 210, 'Nivel 2', 'Vocabulario básico', CAST('2026-01-01' AS DATETIME), NULL),
(1048, 210, 'Nivel 3', 'Gramática intermedia', CAST('2026-01-01' AS DATETIME), NULL),
(1049, 210, 'Nivel 4', 'Conversación avanzada', CAST('2026-01-01' AS DATETIME), NULL),
(1050, 210, 'Nivel 5', 'Fluidez nativa', CAST('2026-01-01' AS DATETIME), NULL),
(1051, 211, 'Nivel 1', 'Alfabeto y saludos', CAST('2026-01-01' AS DATETIME), NULL),
(1052, 211, 'Nivel 2', 'Vocabulario básico', CAST('2026-01-01' AS DATETIME), NULL),
(1053, 211, 'Nivel 3', 'Gramática intermedia', CAST('2026-01-01' AS DATETIME), NULL),
(1054, 211, 'Nivel 4', 'Conversación avanzada', CAST('2026-01-01' AS DATETIME), NULL),
(1055, 211, 'Nivel 5', 'Fluidez nativa', CAST('2026-01-01' AS DATETIME), NULL),
(1056, 212, 'Nivel 1', 'Alfabeto y saludos', CAST('2026-01-01' AS DATETIME), NULL),
(1057, 212, 'Nivel 2', 'Vocabulario básico', CAST('2026-01-01' AS DATETIME), NULL),
(1058, 212, 'Nivel 3', 'Gramática intermedia', CAST('2026-01-01' AS DATETIME), NULL),
(1059, 212, 'Nivel 4', 'Conversación avanzada', CAST('2026-01-01' AS DATETIME), NULL),
(1060, 212, 'Nivel 5', 'Fluidez nativa', CAST('2026-01-01' AS DATETIME), NULL),
(1061, 213, 'Nivel 1', 'Alfabeto y saludos', CAST('2026-01-01' AS DATETIME), NULL),
(1062, 213, 'Nivel 2', 'Vocabulario básico', CAST('2026-01-01' AS DATETIME), NULL),
(1063, 213, 'Nivel 3', 'Gramática intermedia', CAST('2026-01-01' AS DATETIME), NULL),
(1064, 213, 'Nivel 4', 'Conversación avanzada', CAST('2026-01-01' AS DATETIME), NULL),
(1065, 213, 'Nivel 5', 'Fluidez nativa', CAST('2026-01-01' AS DATETIME), NULL),
(1066, 214, 'Nivel 1', 'Alfabeto y saludos', CAST('2026-01-01' AS DATETIME), NULL),
(1067, 214, 'Nivel 2', 'Vocabulario básico', CAST('2026-01-01' AS DATETIME), NULL),
(1068, 214, 'Nivel 3', 'Gramática intermedia', CAST('2026-01-01' AS DATETIME), NULL),
(1069, 214, 'Nivel 4', 'Conversación avanzada', CAST('2026-01-01' AS DATETIME), NULL),
(1070, 214, 'Nivel 5', 'Fluidez nativa', CAST('2026-01-01' AS DATETIME), NULL),
(1071, 215, 'Nivel 1', 'Alfabeto y saludos', CAST('2026-01-01' AS DATETIME), NULL),
(1072, 215, 'Nivel 2', 'Vocabulario básico', CAST('2026-01-01' AS DATETIME), NULL),
(1073, 215, 'Nivel 3', 'Gramática intermedia', CAST('2026-01-01' AS DATETIME), NULL),
(1074, 215, 'Nivel 4', 'Conversación avanzada', CAST('2026-01-01' AS DATETIME), NULL),
(1075, 215, 'Nivel 5', 'Fluidez nativa', CAST('2026-01-01' AS DATETIME), NULL),
(1076, 216, 'Nivel 1', 'Alfabeto y saludos', CAST('2026-01-01' AS DATETIME), NULL),
(1077, 216, 'Nivel 2', 'Vocabulario básico', CAST('2026-01-01' AS DATETIME), NULL),
(1078, 216, 'Nivel 3', 'Gramática intermedia', CAST('2026-01-01' AS DATETIME), NULL),
(1079, 216, 'Nivel 4', 'Conversación avanzada', CAST('2026-01-01' AS DATETIME), NULL),
(1080, 216, 'Nivel 5', 'Fluidez nativa', CAST('2026-01-01' AS DATETIME), NULL),
(1081, 217, 'Nivel 1', 'Alfabeto y saludos', CAST('2026-01-01' AS DATETIME), NULL),
(1082, 217, 'Nivel 2', 'Vocabulario básico', CAST('2026-01-01' AS DATETIME), NULL),
(1083, 217, 'Nivel 3', 'Gramática intermedia', CAST('2026-01-01' AS DATETIME), NULL),
(1084, 217, 'Nivel 4', 'Conversación avanzada', CAST('2026-01-01' AS DATETIME), NULL),
(1085, 217, 'Nivel 5', 'Fluidez nativa', CAST('2026-01-01' AS DATETIME), NULL),
(1086, 218, 'Nivel 1', 'Alfabeto y saludos', CAST('2026-01-01' AS DATETIME), NULL),
(1087, 218, 'Nivel 2', 'Vocabulario básico', CAST('2026-01-01' AS DATETIME), NULL),
(1088, 218, 'Nivel 3', 'Gramática intermedia', CAST('2026-01-01' AS DATETIME), NULL),
(1089, 218, 'Nivel 4', 'Conversación avanzada', CAST('2026-01-01' AS DATETIME), NULL),
(1090, 218, 'Nivel 5', 'Fluidez nativa', CAST('2026-01-01' AS DATETIME), NULL),
(1091, 219, 'Nivel 1', 'Alfabeto y saludos', CAST('2026-01-01' AS DATETIME), NULL),
(1092, 219, 'Nivel 2', 'Vocabulario básico', CAST('2026-01-01' AS DATETIME), NULL),
(1093, 219, 'Nivel 3', 'Gramática intermedia', CAST('2026-01-01' AS DATETIME), NULL),
(1094, 219, 'Nivel 4', 'Conversación avanzada', CAST('2026-01-01' AS DATETIME), NULL),
(1095, 219, 'Nivel 5', 'Fluidez nativa', CAST('2026-01-01' AS DATETIME), NULL),
(1096, 220, 'Nivel 1', 'Alfabeto y saludos', CAST('2026-01-01' AS DATETIME), NULL),
(1097, 220, 'Nivel 2', 'Vocabulario básico', CAST('2026-01-01' AS DATETIME), NULL),
(1098, 220, 'Nivel 3', 'Gramática intermedia', CAST('2026-01-01' AS DATETIME), NULL),
(1099, 220, 'Nivel 4', 'Conversación avanzada', CAST('2026-01-01' AS DATETIME), NULL),
(1100, 220, 'Nivel 5', 'Fluidez nativa', CAST('2026-01-01' AS DATETIME), NULL),
(1101, 221, 'Nivel 1', 'Alfabeto y saludos', CAST('2026-01-01' AS DATETIME), NULL),
(1102, 221, 'Nivel 2', 'Vocabulario básico', CAST('2026-01-01' AS DATETIME), NULL),
(1103, 221, 'Nivel 3', 'Gramática intermedia', CAST('2026-01-01' AS DATETIME), NULL),
(1104, 221, 'Nivel 4', 'Conversación avanzada', CAST('2026-01-01' AS DATETIME), NULL),
(1105, 221, 'Nivel 5', 'Fluidez nativa', CAST('2026-01-01' AS DATETIME), NULL),
(1106, 222, 'Nivel 1', 'Alfabeto y saludos', CAST('2026-01-01' AS DATETIME), NULL),
(1107, 222, 'Nivel 2', 'Vocabulario básico', CAST('2026-01-01' AS DATETIME), NULL),
(1108, 222, 'Nivel 3', 'Gramática intermedia', CAST('2026-01-01' AS DATETIME), NULL),
(1109, 222, 'Nivel 4', 'Conversación avanzada', CAST('2026-01-01' AS DATETIME), NULL),
(1110, 222, 'Nivel 5', 'Fluidez nativa', CAST('2026-01-01' AS DATETIME), NULL),
(1111, 223, 'Nivel 1', 'Alfabeto y saludos', CAST('2026-01-01' AS DATETIME), NULL),
(1112, 223, 'Nivel 2', 'Vocabulario básico', CAST('2026-01-01' AS DATETIME), NULL),
(1113, 223, 'Nivel 3', 'Gramática intermedia', CAST('2026-01-01' AS DATETIME), NULL),
(1114, 223, 'Nivel 4', 'Conversación avanzada', CAST('2026-01-01' AS DATETIME), NULL),
(1115, 223, 'Nivel 5', 'Fluidez nativa', CAST('2026-01-01' AS DATETIME), NULL),
(1116, 224, 'Nivel 1', 'Alfabeto y saludos', CAST('2026-01-01' AS DATETIME), NULL),
(1117, 224, 'Nivel 2', 'Vocabulario básico', CAST('2026-01-01' AS DATETIME), NULL),
(1118, 224, 'Nivel 3', 'Gramática intermedia', CAST('2026-01-01' AS DATETIME), NULL),
(1119, 224, 'Nivel 4', 'Conversación avanzada', CAST('2026-01-01' AS DATETIME), NULL),
(1120, 224, 'Nivel 5', 'Fluidez nativa', CAST('2026-01-01' AS DATETIME), NULL),
(1121, 225, 'Nivel 1', 'Alfabeto y saludos', CAST('2026-01-01' AS DATETIME), NULL),
(1122, 225, 'Nivel 2', 'Vocabulario básico', CAST('2026-01-01' AS DATETIME), NULL),
(1123, 225, 'Nivel 3', 'Gramática intermedia', CAST('2026-01-01' AS DATETIME), NULL),
(1124, 225, 'Nivel 4', 'Conversación avanzada', CAST('2026-01-01' AS DATETIME), NULL),
(1125, 225, 'Nivel 5', 'Fluidez nativa', CAST('2026-01-01' AS DATETIME), NULL),
(1126, 226, 'Nivel 1', 'Alfabeto y saludos', CAST('2026-01-01' AS DATETIME), NULL),
(1127, 226, 'Nivel 2', 'Vocabulario básico', CAST('2026-01-01' AS DATETIME), NULL),
(1128, 226, 'Nivel 3', 'Gramática intermedia', CAST('2026-01-01' AS DATETIME), NULL),
(1129, 226, 'Nivel 4', 'Conversación avanzada', CAST('2026-01-01' AS DATETIME), NULL),
(1130, 226, 'Nivel 5', 'Fluidez nativa', CAST('2026-01-01' AS DATETIME), NULL),
(1131, 227, 'Nivel 1', 'Alfabeto y saludos', CAST('2026-01-01' AS DATETIME), NULL),
(1132, 227, 'Nivel 2', 'Vocabulario básico', CAST('2026-01-01' AS DATETIME), NULL),
(1133, 227, 'Nivel 3', 'Gramática intermedia', CAST('2026-01-01' AS DATETIME), NULL),
(1134, 227, 'Nivel 4', 'Conversación avanzada', CAST('2026-01-01' AS DATETIME), NULL),
(1135, 227, 'Nivel 5', 'Fluidez nativa', CAST('2026-01-01' AS DATETIME), NULL),
(1136, 228, 'Nivel 1', 'Alfabeto y saludos', CAST('2026-01-01' AS DATETIME), NULL),
(1137, 228, 'Nivel 2', 'Vocabulario básico', CAST('2026-01-01' AS DATETIME), NULL),
(1138, 228, 'Nivel 3', 'Gramática intermedia', CAST('2026-01-01' AS DATETIME), NULL),
(1139, 228, 'Nivel 4', 'Conversación avanzada', CAST('2026-01-01' AS DATETIME), NULL),
(1140, 228, 'Nivel 5', 'Fluidez nativa', CAST('2026-01-01' AS DATETIME), NULL),
(1141, 229, 'Nivel 1', 'Alfabeto y saludos', CAST('2026-01-01' AS DATETIME), NULL),
(1142, 229, 'Nivel 2', 'Vocabulario básico', CAST('2026-01-01' AS DATETIME), NULL),
(1143, 229, 'Nivel 3', 'Gramática intermedia', CAST('2026-01-01' AS DATETIME), NULL),
(1144, 229, 'Nivel 4', 'Conversación avanzada', CAST('2026-01-01' AS DATETIME), NULL),
(1145, 229, 'Nivel 5', 'Fluidez nativa', CAST('2026-01-01' AS DATETIME), NULL),
(1146, 230, 'Nivel 1', 'Alfabeto y saludos', CAST('2026-01-01' AS DATETIME), NULL),
(1147, 230, 'Nivel 2', 'Vocabulario básico', CAST('2026-01-01' AS DATETIME), NULL),
(1148, 230, 'Nivel 3', 'Gramática intermedia', CAST('2026-01-01' AS DATETIME), NULL),
(1149, 230, 'Nivel 4', 'Conversación avanzada', CAST('2026-01-01' AS DATETIME), NULL),
(1150, 230, 'Nivel 5', 'Fluidez nativa', CAST('2026-01-01' AS DATETIME), NULL),
(1151, 231, 'Nivel 1', 'Alfabeto y saludos', CAST('2026-01-01' AS DATETIME), NULL),
(1152, 231, 'Nivel 2', 'Vocabulario básico', CAST('2026-01-01' AS DATETIME), NULL),
(1153, 231, 'Nivel 3', 'Gramática intermedia', CAST('2026-01-01' AS DATETIME), NULL),
(1154, 231, 'Nivel 4', 'Conversación avanzada', CAST('2026-01-01' AS DATETIME), NULL),
(1155, 231, 'Nivel 5', 'Fluidez nativa', CAST('2026-01-01' AS DATETIME), NULL),
(1156, 232, 'Nivel 1', 'Alfabeto y saludos', CAST('2026-01-01' AS DATETIME), NULL),
(1157, 232, 'Nivel 2', 'Vocabulario básico', CAST('2026-01-01' AS DATETIME), NULL),
(1158, 232, 'Nivel 3', 'Gramática intermedia', CAST('2026-01-01' AS DATETIME), NULL),
(1159, 232, 'Nivel 4', 'Conversación avanzada', CAST('2026-01-01' AS DATETIME), NULL),
(1160, 232, 'Nivel 5', 'Fluidez nativa', CAST('2026-01-01' AS DATETIME), NULL),
(1161, 233, 'Nivel 1', 'Alfabeto y saludos', CAST('2026-01-01' AS DATETIME), NULL),
(1162, 233, 'Nivel 2', 'Vocabulario básico', CAST('2026-01-01' AS DATETIME), NULL),
(1163, 233, 'Nivel 3', 'Gramática intermedia', CAST('2026-01-01' AS DATETIME), NULL),
(1164, 233, 'Nivel 4', 'Conversación avanzada', CAST('2026-01-01' AS DATETIME), NULL),
(1165, 233, 'Nivel 5', 'Fluidez nativa', CAST('2026-01-01' AS DATETIME), NULL),
(1166, 234, 'Nivel 1', 'Alfabeto y saludos', CAST('2026-01-01' AS DATETIME), NULL),
(1167, 234, 'Nivel 2', 'Vocabulario básico', CAST('2026-01-01' AS DATETIME), NULL),
(1168, 234, 'Nivel 3', 'Gramática intermedia', CAST('2026-01-01' AS DATETIME), NULL),
(1169, 234, 'Nivel 4', 'Conversación avanzada', CAST('2026-01-01' AS DATETIME), NULL),
(1170, 234, 'Nivel 5', 'Fluidez nativa', CAST('2026-01-01' AS DATETIME), NULL),
(1171, 235, 'Nivel 1', 'Alfabeto y saludos', CAST('2026-01-01' AS DATETIME), NULL),
(1172, 235, 'Nivel 2', 'Vocabulario básico', CAST('2026-01-01' AS DATETIME), NULL),
(1173, 235, 'Nivel 3', 'Gramática intermedia', CAST('2026-01-01' AS DATETIME), NULL),
(1174, 235, 'Nivel 4', 'Conversación avanzada', CAST('2026-01-01' AS DATETIME), NULL),
(1175, 235, 'Nivel 5', 'Fluidez nativa', CAST('2026-01-01' AS DATETIME), NULL),
(1176, 236, 'Nivel 1', 'Alfabeto y saludos', CAST('2026-01-01' AS DATETIME), NULL),
(1177, 236, 'Nivel 2', 'Vocabulario básico', CAST('2026-01-01' AS DATETIME), NULL),
(1178, 236, 'Nivel 3', 'Gramática intermedia', CAST('2026-01-01' AS DATETIME), NULL),
(1179, 236, 'Nivel 4', 'Conversación avanzada', CAST('2026-01-01' AS DATETIME), NULL),
(1180, 236, 'Nivel 5', 'Fluidez nativa', CAST('2026-01-01' AS DATETIME), NULL),
(1181, 237, 'Nivel 1', 'Alfabeto y saludos', CAST('2026-01-01' AS DATETIME), NULL),
(1182, 237, 'Nivel 2', 'Vocabulario básico', CAST('2026-01-01' AS DATETIME), NULL),
(1183, 237, 'Nivel 3', 'Gramática intermedia', CAST('2026-01-01' AS DATETIME), NULL),
(1184, 237, 'Nivel 4', 'Conversación avanzada', CAST('2026-01-01' AS DATETIME), NULL),
(1185, 237, 'Nivel 5', 'Fluidez nativa', CAST('2026-01-01' AS DATETIME), NULL),
(1186, 238, 'Nivel 1', 'Alfabeto y saludos', CAST('2026-01-01' AS DATETIME), NULL),
(1187, 238, 'Nivel 2', 'Vocabulario básico', CAST('2026-01-01' AS DATETIME), NULL),
(1188, 238, 'Nivel 3', 'Gramática intermedia', CAST('2026-01-01' AS DATETIME), NULL),
(1189, 238, 'Nivel 4', 'Conversación avanzada', CAST('2026-01-01' AS DATETIME), NULL),
(1190, 238, 'Nivel 5', 'Fluidez nativa', CAST('2026-01-01' AS DATETIME), NULL),
(1191, 239, 'Nivel 1', 'Alfabeto y saludos', CAST('2026-01-01' AS DATETIME), NULL),
(1192, 239, 'Nivel 2', 'Vocabulario básico', CAST('2026-01-01' AS DATETIME), NULL),
(1193, 239, 'Nivel 3', 'Gramática intermedia', CAST('2026-01-01' AS DATETIME), NULL),
(1194, 239, 'Nivel 4', 'Conversación avanzada', CAST('2026-01-01' AS DATETIME), NULL),
(1195, 239, 'Nivel 5', 'Fluidez nativa', CAST('2026-01-01' AS DATETIME), NULL),
(1196, 240, 'Nivel 1', 'Alfabeto y saludos', CAST('2026-01-01' AS DATETIME), NULL),
(1197, 240, 'Nivel 2', 'Vocabulario básico', CAST('2026-01-01' AS DATETIME), NULL),
(1198, 240, 'Nivel 3', 'Gramática intermedia', CAST('2026-01-01' AS DATETIME), NULL),
(1199, 240, 'Nivel 4', 'Conversación avanzada', CAST('2026-01-01' AS DATETIME), NULL),
(1200, 240, 'Nivel 5', 'Fluidez nativa', CAST('2026-01-01' AS DATETIME), NULL),
(1201, 241, 'Nivel 1', 'Alfabeto y saludos', CAST('2026-01-01' AS DATETIME), NULL),
(1202, 241, 'Nivel 2', 'Vocabulario básico', CAST('2026-01-01' AS DATETIME), NULL),
(1203, 241, 'Nivel 3', 'Gramática intermedia', CAST('2026-01-01' AS DATETIME), NULL),
(1204, 241, 'Nivel 4', 'Conversación avanzada', CAST('2026-01-01' AS DATETIME), NULL),
(1205, 241, 'Nivel 5', 'Fluidez nativa', CAST('2026-01-01' AS DATETIME), NULL),
(1206, 242, 'Nivel 1', 'Alfabeto y saludos', CAST('2026-01-01' AS DATETIME), NULL),
(1207, 242, 'Nivel 2', 'Vocabulario básico', CAST('2026-01-01' AS DATETIME), NULL),
(1208, 242, 'Nivel 3', 'Gramática intermedia', CAST('2026-01-01' AS DATETIME), NULL),
(1209, 242, 'Nivel 4', 'Conversación avanzada', CAST('2026-01-01' AS DATETIME), NULL),
(1210, 242, 'Nivel 5', 'Fluidez nativa', CAST('2026-01-01' AS DATETIME), NULL),
(1211, 243, 'Nivel 1', 'Alfabeto y saludos', CAST('2026-01-01' AS DATETIME), NULL),
(1212, 243, 'Nivel 2', 'Vocabulario básico', CAST('2026-01-01' AS DATETIME), NULL),
(1213, 243, 'Nivel 3', 'Gramática intermedia', CAST('2026-01-01' AS DATETIME), NULL),
(1214, 243, 'Nivel 4', 'Conversación avanzada', CAST('2026-01-01' AS DATETIME), NULL),
(1215, 243, 'Nivel 5', 'Fluidez nativa', CAST('2026-01-01' AS DATETIME), NULL),
(1216, 244, 'Nivel 1', 'Alfabeto y saludos', CAST('2026-01-01' AS DATETIME), NULL),
(1217, 244, 'Nivel 2', 'Vocabulario básico', CAST('2026-01-01' AS DATETIME), NULL),
(1218, 244, 'Nivel 3', 'Gramática intermedia', CAST('2026-01-01' AS DATETIME), NULL),
(1219, 244, 'Nivel 4', 'Conversación avanzada', CAST('2026-01-01' AS DATETIME), NULL),
(1220, 244, 'Nivel 5', 'Fluidez nativa', CAST('2026-01-01' AS DATETIME), NULL),
(1221, 245, 'Nivel 1', 'Alfabeto y saludos', CAST('2026-01-01' AS DATETIME), NULL),
(1222, 245, 'Nivel 2', 'Vocabulario básico', CAST('2026-01-01' AS DATETIME), NULL),
(1223, 245, 'Nivel 3', 'Gramática intermedia', CAST('2026-01-01' AS DATETIME), NULL),
(1224, 245, 'Nivel 4', 'Conversación avanzada', CAST('2026-01-01' AS DATETIME), NULL),
(1225, 245, 'Nivel 5', 'Fluidez nativa', CAST('2026-01-01' AS DATETIME), NULL),
(1226, 246, 'Nivel 1', 'Alfabeto y saludos', CAST('2026-01-01' AS DATETIME), NULL),
(1227, 246, 'Nivel 2', 'Vocabulario básico', CAST('2026-01-01' AS DATETIME), NULL),
(1228, 246, 'Nivel 3', 'Gramática intermedia', CAST('2026-01-01' AS DATETIME), NULL),
(1229, 246, 'Nivel 4', 'Conversación avanzada', CAST('2026-01-01' AS DATETIME), NULL),
(1230, 246, 'Nivel 5', 'Fluidez nativa', CAST('2026-01-01' AS DATETIME), NULL),
(1231, 247, 'Nivel 1', 'Alfabeto y saludos', CAST('2026-01-01' AS DATETIME), NULL),
(1232, 247, 'Nivel 2', 'Vocabulario básico', CAST('2026-01-01' AS DATETIME), NULL),
(1233, 247, 'Nivel 3', 'Gramática intermedia', CAST('2026-01-01' AS DATETIME), NULL),
(1234, 247, 'Nivel 4', 'Conversación avanzada', CAST('2026-01-01' AS DATETIME), NULL),
(1235, 247, 'Nivel 5', 'Fluidez nativa', CAST('2026-01-01' AS DATETIME), NULL),
(1236, 248, 'Nivel 1', 'Alfabeto y saludos', CAST('2026-01-01' AS DATETIME), NULL),
(1237, 248, 'Nivel 2', 'Vocabulario básico', CAST('2026-01-01' AS DATETIME), NULL),
(1238, 248, 'Nivel 3', 'Gramática intermedia', CAST('2026-01-01' AS DATETIME), NULL),
(1239, 248, 'Nivel 4', 'Conversación avanzada', CAST('2026-01-01' AS DATETIME), NULL),
(1240, 248, 'Nivel 5', 'Fluidez nativa', CAST('2026-01-01' AS DATETIME), NULL),
(1241, 249, 'Nivel 1', 'Alfabeto y saludos', CAST('2026-01-01' AS DATETIME), NULL),
(1242, 249, 'Nivel 2', 'Vocabulario básico', CAST('2026-01-01' AS DATETIME), NULL),
(1243, 249, 'Nivel 3', 'Gramática intermedia', CAST('2026-01-01' AS DATETIME), NULL),
(1244, 249, 'Nivel 4', 'Conversación avanzada', CAST('2026-01-01' AS DATETIME), NULL),
(1245, 249, 'Nivel 5', 'Fluidez nativa', CAST('2026-01-01' AS DATETIME), NULL),
(1246, 250, 'Nivel 1', 'Alfabeto y saludos', CAST('2026-01-01' AS DATETIME), NULL),
(1247, 250, 'Nivel 2', 'Vocabulario básico', CAST('2026-01-01' AS DATETIME), NULL),
(1248, 250, 'Nivel 3', 'Gramática intermedia', CAST('2026-01-01' AS DATETIME), NULL),
(1249, 250, 'Nivel 4', 'Conversación avanzada', CAST('2026-01-01' AS DATETIME), NULL),
(1250, 250, 'Nivel 5', 'Fluidez nativa', CAST('2026-01-01' AS DATETIME), NULL),
(1251, 251, 'Nivel 1', 'Alfabeto y saludos', CAST('2026-01-01' AS DATETIME), NULL),
(1252, 251, 'Nivel 2', 'Vocabulario básico', CAST('2026-01-01' AS DATETIME), NULL),
(1253, 251, 'Nivel 3', 'Gramática intermedia', CAST('2026-01-01' AS DATETIME), NULL),
(1254, 251, 'Nivel 4', 'Conversación avanzada', CAST('2026-01-01' AS DATETIME), NULL),
(1255, 251, 'Nivel 5', 'Fluidez nativa', CAST('2026-01-01' AS DATETIME), NULL),
(1256, 252, 'Nivel 1', 'Alfabeto y saludos', CAST('2026-01-01' AS DATETIME), NULL),
(1257, 252, 'Nivel 2', 'Vocabulario básico', CAST('2026-01-01' AS DATETIME), NULL),
(1258, 252, 'Nivel 3', 'Gramática intermedia', CAST('2026-01-01' AS DATETIME), NULL),
(1259, 252, 'Nivel 4', 'Conversación avanzada', CAST('2026-01-01' AS DATETIME), NULL),
(1260, 252, 'Nivel 5', 'Fluidez nativa', CAST('2026-01-01' AS DATETIME), NULL),
(1261, 253, 'Nivel 1', 'Alfabeto y saludos', CAST('2026-01-01' AS DATETIME), NULL),
(1262, 253, 'Nivel 2', 'Vocabulario básico', CAST('2026-01-01' AS DATETIME), NULL),
(1263, 253, 'Nivel 3', 'Gramática intermedia', CAST('2026-01-01' AS DATETIME), NULL),
(1264, 253, 'Nivel 4', 'Conversación avanzada', CAST('2026-01-01' AS DATETIME), NULL),
(1265, 253, 'Nivel 5', 'Fluidez nativa', CAST('2026-01-01' AS DATETIME), NULL),
(1266, 254, 'Nivel 1', 'Alfabeto y saludos', CAST('2026-01-01' AS DATETIME), NULL),
(1267, 254, 'Nivel 2', 'Vocabulario básico', CAST('2026-01-01' AS DATETIME), NULL),
(1268, 254, 'Nivel 3', 'Gramática intermedia', CAST('2026-01-01' AS DATETIME), NULL),
(1269, 254, 'Nivel 4', 'Conversación avanzada', CAST('2026-01-01' AS DATETIME), NULL),
(1270, 254, 'Nivel 5', 'Fluidez nativa', CAST('2026-01-01' AS DATETIME), NULL),
(1271, 255, 'Nivel 1', 'Alfabeto y saludos', CAST('2026-01-01' AS DATETIME), NULL),
(1272, 255, 'Nivel 2', 'Vocabulario básico', CAST('2026-01-01' AS DATETIME), NULL),
(1273, 255, 'Nivel 3', 'Gramática intermedia', CAST('2026-01-01' AS DATETIME), NULL),
(1274, 255, 'Nivel 4', 'Conversación avanzada', CAST('2026-01-01' AS DATETIME), NULL),
(1275, 255, 'Nivel 5', 'Fluidez nativa', CAST('2026-01-01' AS DATETIME), NULL),
(1276, 256, 'Nivel 1', 'Alfabeto y saludos', CAST('2026-01-01' AS DATETIME), NULL),
(1277, 256, 'Nivel 2', 'Vocabulario básico', CAST('2026-01-01' AS DATETIME), NULL),
(1278, 256, 'Nivel 3', 'Gramática intermedia', CAST('2026-01-01' AS DATETIME), NULL),
(1279, 256, 'Nivel 4', 'Conversación avanzada', CAST('2026-01-01' AS DATETIME), NULL),
(1280, 256, 'Nivel 5', 'Fluidez nativa', CAST('2026-01-01' AS DATETIME), NULL),
(1281, 257, 'Nivel 1', 'Alfabeto y saludos', CAST('2026-01-01' AS DATETIME), NULL),
(1282, 257, 'Nivel 2', 'Vocabulario básico', CAST('2026-01-01' AS DATETIME), NULL),
(1283, 257, 'Nivel 3', 'Gramática intermedia', CAST('2026-01-01' AS DATETIME), NULL),
(1284, 257, 'Nivel 4', 'Conversación avanzada', CAST('2026-01-01' AS DATETIME), NULL),
(1285, 257, 'Nivel 5', 'Fluidez nativa', CAST('2026-01-01' AS DATETIME), NULL),
(1286, 258, 'Nivel 1', 'Alfabeto y saludos', CAST('2026-01-01' AS DATETIME), NULL),
(1287, 258, 'Nivel 2', 'Vocabulario básico', CAST('2026-01-01' AS DATETIME), NULL),
(1288, 258, 'Nivel 3', 'Gramática intermedia', CAST('2026-01-01' AS DATETIME), NULL),
(1289, 258, 'Nivel 4', 'Conversación avanzada', CAST('2026-01-01' AS DATETIME), NULL),
(1290, 258, 'Nivel 5', 'Fluidez nativa', CAST('2026-01-01' AS DATETIME), NULL),
(1291, 259, 'Nivel 1', 'Alfabeto y saludos', CAST('2026-01-01' AS DATETIME), NULL),
(1292, 259, 'Nivel 2', 'Vocabulario básico', CAST('2026-01-01' AS DATETIME), NULL),
(1293, 259, 'Nivel 3', 'Gramática intermedia', CAST('2026-01-01' AS DATETIME), NULL),
(1294, 259, 'Nivel 4', 'Conversación avanzada', CAST('2026-01-01' AS DATETIME), NULL),
(1295, 259, 'Nivel 5', 'Fluidez nativa', CAST('2026-01-01' AS DATETIME), NULL),
(1296, 260, 'Nivel 1', 'Alfabeto y saludos', CAST('2026-01-01' AS DATETIME), NULL),
(1297, 260, 'Nivel 2', 'Vocabulario básico', CAST('2026-01-01' AS DATETIME), NULL),
(1298, 260, 'Nivel 3', 'Gramática intermedia', CAST('2026-01-01' AS DATETIME), NULL),
(1299, 260, 'Nivel 4', 'Conversación avanzada', CAST('2026-01-01' AS DATETIME), NULL),
(1300, 260, 'Nivel 5', 'Fluidez nativa', CAST('2026-01-01' AS DATETIME), NULL),
(1301, 261, 'Nivel 1', 'Alfabeto y saludos', CAST('2026-01-01' AS DATETIME), NULL),
(1302, 261, 'Nivel 2', 'Vocabulario básico', CAST('2026-01-01' AS DATETIME), NULL),
(1303, 261, 'Nivel 3', 'Gramática intermedia', CAST('2026-01-01' AS DATETIME), NULL),
(1304, 261, 'Nivel 4', 'Conversación avanzada', CAST('2026-01-01' AS DATETIME), NULL),
(1305, 261, 'Nivel 5', 'Fluidez nativa', CAST('2026-01-01' AS DATETIME), NULL),
(1306, 262, 'Nivel 1', 'Alfabeto y saludos', CAST('2026-01-01' AS DATETIME), NULL),
(1307, 262, 'Nivel 2', 'Vocabulario básico', CAST('2026-01-01' AS DATETIME), NULL),
(1308, 262, 'Nivel 3', 'Gramática intermedia', CAST('2026-01-01' AS DATETIME), NULL),
(1309, 262, 'Nivel 4', 'Conversación avanzada', CAST('2026-01-01' AS DATETIME), NULL),
(1310, 262, 'Nivel 5', 'Fluidez nativa', CAST('2026-01-01' AS DATETIME), NULL),
(1311, 263, 'Nivel 1', 'Alfabeto y saludos', CAST('2026-01-01' AS DATETIME), NULL),
(1312, 263, 'Nivel 2', 'Vocabulario básico', CAST('2026-01-01' AS DATETIME), NULL),
(1313, 263, 'Nivel 3', 'Gramática intermedia', CAST('2026-01-01' AS DATETIME), NULL),
(1314, 263, 'Nivel 4', 'Conversación avanzada', CAST('2026-01-01' AS DATETIME), NULL),
(1315, 263, 'Nivel 5', 'Fluidez nativa', CAST('2026-01-01' AS DATETIME), NULL),
(1316, 264, 'Nivel 1', 'Alfabeto y saludos', CAST('2026-01-01' AS DATETIME), NULL),
(1317, 264, 'Nivel 2', 'Vocabulario básico', CAST('2026-01-01' AS DATETIME), NULL),
(1318, 264, 'Nivel 3', 'Gramática intermedia', CAST('2026-01-01' AS DATETIME), NULL),
(1319, 264, 'Nivel 4', 'Conversación avanzada', CAST('2026-01-01' AS DATETIME), NULL),
(1320, 264, 'Nivel 5', 'Fluidez nativa', CAST('2026-01-01' AS DATETIME), NULL),
(1321, 265, 'Nivel 1', 'Alfabeto y saludos', CAST('2026-01-01' AS DATETIME), NULL),
(1322, 265, 'Nivel 2', 'Vocabulario básico', CAST('2026-01-01' AS DATETIME), NULL),
(1323, 265, 'Nivel 3', 'Gramática intermedia', CAST('2026-01-01' AS DATETIME), NULL),
(1324, 265, 'Nivel 4', 'Conversación avanzada', CAST('2026-01-01' AS DATETIME), NULL),
(1325, 265, 'Nivel 5', 'Fluidez nativa', CAST('2026-01-01' AS DATETIME), NULL),
(1326, 266, 'Nivel 1', 'Alfabeto y saludos', CAST('2026-01-01' AS DATETIME), NULL),
(1327, 266, 'Nivel 2', 'Vocabulario básico', CAST('2026-01-01' AS DATETIME), NULL),
(1328, 266, 'Nivel 3', 'Gramática intermedia', CAST('2026-01-01' AS DATETIME), NULL),
(1329, 266, 'Nivel 4', 'Conversación avanzada', CAST('2026-01-01' AS DATETIME), NULL),
(1330, 266, 'Nivel 5', 'Fluidez nativa', CAST('2026-01-01' AS DATETIME), NULL),
(1331, 267, 'Nivel 1', 'Alfabeto y saludos', CAST('2026-01-01' AS DATETIME), NULL),
(1332, 267, 'Nivel 2', 'Vocabulario básico', CAST('2026-01-01' AS DATETIME), NULL),
(1333, 267, 'Nivel 3', 'Gramática intermedia', CAST('2026-01-01' AS DATETIME), NULL),
(1334, 267, 'Nivel 4', 'Conversación avanzada', CAST('2026-01-01' AS DATETIME), NULL),
(1335, 267, 'Nivel 5', 'Fluidez nativa', CAST('2026-01-01' AS DATETIME), NULL),
(1336, 268, 'Nivel 1', 'Alfabeto y saludos', CAST('2026-01-01' AS DATETIME), NULL),
(1337, 268, 'Nivel 2', 'Vocabulario básico', CAST('2026-01-01' AS DATETIME), NULL),
(1338, 268, 'Nivel 3', 'Gramática intermedia', CAST('2026-01-01' AS DATETIME), NULL),
(1339, 268, 'Nivel 4', 'Conversación avanzada', CAST('2026-01-01' AS DATETIME), NULL),
(1340, 268, 'Nivel 5', 'Fluidez nativa', CAST('2026-01-01' AS DATETIME), NULL),
(1341, 269, 'Nivel 1', 'Alfabeto y saludos', CAST('2026-01-01' AS DATETIME), NULL),
(1342, 269, 'Nivel 2', 'Vocabulario básico', CAST('2026-01-01' AS DATETIME), NULL),
(1343, 269, 'Nivel 3', 'Gramática intermedia', CAST('2026-01-01' AS DATETIME), NULL),
(1344, 269, 'Nivel 4', 'Conversación avanzada', CAST('2026-01-01' AS DATETIME), NULL),
(1345, 269, 'Nivel 5', 'Fluidez nativa', CAST('2026-01-01' AS DATETIME), NULL),
(1346, 270, 'Nivel 1', 'Alfabeto y saludos', CAST('2026-01-01' AS DATETIME), NULL),
(1347, 270, 'Nivel 2', 'Vocabulario básico', CAST('2026-01-01' AS DATETIME), NULL),
(1348, 270, 'Nivel 3', 'Gramática intermedia', CAST('2026-01-01' AS DATETIME), NULL),
(1349, 270, 'Nivel 4', 'Conversación avanzada', CAST('2026-01-01' AS DATETIME), NULL),
(1350, 270, 'Nivel 5', 'Fluidez nativa', CAST('2026-01-01' AS DATETIME), NULL),
(1351, 271, 'Nivel 1', 'Alfabeto y saludos', CAST('2026-01-01' AS DATETIME), NULL),
(1352, 271, 'Nivel 2', 'Vocabulario básico', CAST('2026-01-01' AS DATETIME), NULL),
(1353, 271, 'Nivel 3', 'Gramática intermedia', CAST('2026-01-01' AS DATETIME), NULL),
(1354, 271, 'Nivel 4', 'Conversación avanzada', CAST('2026-01-01' AS DATETIME), NULL),
(1355, 271, 'Nivel 5', 'Fluidez nativa', CAST('2026-01-01' AS DATETIME), NULL),
(1356, 272, 'Nivel 1', 'Alfabeto y saludos', CAST('2026-01-01' AS DATETIME), NULL),
(1357, 272, 'Nivel 2', 'Vocabulario básico', CAST('2026-01-01' AS DATETIME), NULL),
(1358, 272, 'Nivel 3', 'Gramática intermedia', CAST('2026-01-01' AS DATETIME), NULL),
(1359, 272, 'Nivel 4', 'Conversación avanzada', CAST('2026-01-01' AS DATETIME), NULL),
(1360, 272, 'Nivel 5', 'Fluidez nativa', CAST('2026-01-01' AS DATETIME), NULL),
(1361, 273, 'Nivel 1', 'Alfabeto y saludos', CAST('2026-01-01' AS DATETIME), NULL),
(1362, 273, 'Nivel 2', 'Vocabulario básico', CAST('2026-01-01' AS DATETIME), NULL),
(1363, 273, 'Nivel 3', 'Gramática intermedia', CAST('2026-01-01' AS DATETIME), NULL),
(1364, 273, 'Nivel 4', 'Conversación avanzada', CAST('2026-01-01' AS DATETIME), NULL),
(1365, 273, 'Nivel 5', 'Fluidez nativa', CAST('2026-01-01' AS DATETIME), NULL),
(1366, 274, 'Nivel 1', 'Alfabeto y saludos', CAST('2026-01-01' AS DATETIME), NULL),
(1367, 274, 'Nivel 2', 'Vocabulario básico', CAST('2026-01-01' AS DATETIME), NULL),
(1368, 274, 'Nivel 3', 'Gramática intermedia', CAST('2026-01-01' AS DATETIME), NULL),
(1369, 274, 'Nivel 4', 'Conversación avanzada', CAST('2026-01-01' AS DATETIME), NULL),
(1370, 274, 'Nivel 5', 'Fluidez nativa', CAST('2026-01-01' AS DATETIME), NULL),
(1371, 275, 'Nivel 1', 'Alfabeto y saludos', CAST('2026-01-01' AS DATETIME), NULL),
(1372, 275, 'Nivel 2', 'Vocabulario básico', CAST('2026-01-01' AS DATETIME), NULL),
(1373, 275, 'Nivel 3', 'Gramática intermedia', CAST('2026-01-01' AS DATETIME), NULL),
(1374, 275, 'Nivel 4', 'Conversación avanzada', CAST('2026-01-01' AS DATETIME), NULL),
(1375, 275, 'Nivel 5', 'Fluidez nativa', CAST('2026-01-01' AS DATETIME), NULL),
(1376, 276, 'Nivel 1', 'Alfabeto y saludos', CAST('2026-01-01' AS DATETIME), NULL),
(1377, 276, 'Nivel 2', 'Vocabulario básico', CAST('2026-01-01' AS DATETIME), NULL),
(1378, 276, 'Nivel 3', 'Gramática intermedia', CAST('2026-01-01' AS DATETIME), NULL),
(1379, 276, 'Nivel 4', 'Conversación avanzada', CAST('2026-01-01' AS DATETIME), NULL),
(1380, 276, 'Nivel 5', 'Fluidez nativa', CAST('2026-01-01' AS DATETIME), NULL),
(1381, 277, 'Nivel 1', 'Alfabeto y saludos', CAST('2026-01-01' AS DATETIME), NULL),
(1382, 277, 'Nivel 2', 'Vocabulario básico', CAST('2026-01-01' AS DATETIME), NULL),
(1383, 277, 'Nivel 3', 'Gramática intermedia', CAST('2026-01-01' AS DATETIME), NULL),
(1384, 277, 'Nivel 4', 'Conversación avanzada', CAST('2026-01-01' AS DATETIME), NULL),
(1385, 277, 'Nivel 5', 'Fluidez nativa', CAST('2026-01-01' AS DATETIME), NULL),
(1386, 278, 'Nivel 1', 'Alfabeto y saludos', CAST('2026-01-01' AS DATETIME), NULL),
(1387, 278, 'Nivel 2', 'Vocabulario básico', CAST('2026-01-01' AS DATETIME), NULL),
(1388, 278, 'Nivel 3', 'Gramática intermedia', CAST('2026-01-01' AS DATETIME), NULL),
(1389, 278, 'Nivel 4', 'Conversación avanzada', CAST('2026-01-01' AS DATETIME), NULL),
(1390, 278, 'Nivel 5', 'Fluidez nativa', CAST('2026-01-01' AS DATETIME), NULL),
(1391, 279, 'Nivel 1', 'Alfabeto y saludos', CAST('2026-01-01' AS DATETIME), NULL),
(1392, 279, 'Nivel 2', 'Vocabulario básico', CAST('2026-01-01' AS DATETIME), NULL),
(1393, 279, 'Nivel 3', 'Gramática intermedia', CAST('2026-01-01' AS DATETIME), NULL),
(1394, 279, 'Nivel 4', 'Conversación avanzada', CAST('2026-01-01' AS DATETIME), NULL),
(1395, 279, 'Nivel 5', 'Fluidez nativa', CAST('2026-01-01' AS DATETIME), NULL),
(1396, 280, 'Nivel 1', 'Alfabeto y saludos', CAST('2026-01-01' AS DATETIME), NULL),
(1397, 280, 'Nivel 2', 'Vocabulario básico', CAST('2026-01-01' AS DATETIME), NULL),
(1398, 280, 'Nivel 3', 'Gramática intermedia', CAST('2026-01-01' AS DATETIME), NULL),
(1399, 280, 'Nivel 4', 'Conversación avanzada', CAST('2026-01-01' AS DATETIME), NULL),
(1400, 280, 'Nivel 5', 'Fluidez nativa', CAST('2026-01-01' AS DATETIME), NULL),
(1401, 281, 'Nivel 1', 'Alfabeto y saludos', CAST('2026-01-01' AS DATETIME), NULL),
(1402, 281, 'Nivel 2', 'Vocabulario básico', CAST('2026-01-01' AS DATETIME), NULL),
(1403, 281, 'Nivel 3', 'Gramática intermedia', CAST('2026-01-01' AS DATETIME), NULL),
(1404, 281, 'Nivel 4', 'Conversación avanzada', CAST('2026-01-01' AS DATETIME), NULL),
(1405, 281, 'Nivel 5', 'Fluidez nativa', CAST('2026-01-01' AS DATETIME), NULL),
(1406, 282, 'Nivel 1', 'Alfabeto y saludos', CAST('2026-01-01' AS DATETIME), NULL),
(1407, 282, 'Nivel 2', 'Vocabulario básico', CAST('2026-01-01' AS DATETIME), NULL),
(1408, 282, 'Nivel 3', 'Gramática intermedia', CAST('2026-01-01' AS DATETIME), NULL),
(1409, 282, 'Nivel 4', 'Conversación avanzada', CAST('2026-01-01' AS DATETIME), NULL),
(1410, 282, 'Nivel 5', 'Fluidez nativa', CAST('2026-01-01' AS DATETIME), NULL),
(1411, 283, 'Nivel 1', 'Alfabeto y saludos', CAST('2026-01-01' AS DATETIME), NULL),
(1412, 283, 'Nivel 2', 'Vocabulario básico', CAST('2026-01-01' AS DATETIME), NULL),
(1413, 283, 'Nivel 3', 'Gramática intermedia', CAST('2026-01-01' AS DATETIME), NULL),
(1414, 283, 'Nivel 4', 'Conversación avanzada', CAST('2026-01-01' AS DATETIME), NULL),
(1415, 283, 'Nivel 5', 'Fluidez nativa', CAST('2026-01-01' AS DATETIME), NULL),
(1416, 284, 'Nivel 1', 'Alfabeto y saludos', CAST('2026-01-01' AS DATETIME), NULL),
(1417, 284, 'Nivel 2', 'Vocabulario básico', CAST('2026-01-01' AS DATETIME), NULL),
(1418, 284, 'Nivel 3', 'Gramática intermedia', CAST('2026-01-01' AS DATETIME), NULL),
(1419, 284, 'Nivel 4', 'Conversación avanzada', CAST('2026-01-01' AS DATETIME), NULL),
(1420, 284, 'Nivel 5', 'Fluidez nativa', CAST('2026-01-01' AS DATETIME), NULL),
(1421, 285, 'Nivel 1', 'Alfabeto y saludos', CAST('2026-01-01' AS DATETIME), NULL),
(1422, 285, 'Nivel 2', 'Vocabulario básico', CAST('2026-01-01' AS DATETIME), NULL),
(1423, 285, 'Nivel 3', 'Gramática intermedia', CAST('2026-01-01' AS DATETIME), NULL),
(1424, 285, 'Nivel 4', 'Conversación avanzada', CAST('2026-01-01' AS DATETIME), NULL),
(1425, 285, 'Nivel 5', 'Fluidez nativa', CAST('2026-01-01' AS DATETIME), NULL),
(1426, 286, 'Nivel 1', 'Alfabeto y saludos', CAST('2026-01-01' AS DATETIME), NULL),
(1427, 286, 'Nivel 2', 'Vocabulario básico', CAST('2026-01-01' AS DATETIME), NULL),
(1428, 286, 'Nivel 3', 'Gramática intermedia', CAST('2026-01-01' AS DATETIME), NULL),
(1429, 286, 'Nivel 4', 'Conversación avanzada', CAST('2026-01-01' AS DATETIME), NULL),
(1430, 286, 'Nivel 5', 'Fluidez nativa', CAST('2026-01-01' AS DATETIME), NULL),
(1431, 287, 'Nivel 1', 'Alfabeto y saludos', CAST('2026-01-01' AS DATETIME), NULL),
(1432, 287, 'Nivel 2', 'Vocabulario básico', CAST('2026-01-01' AS DATETIME), NULL),
(1433, 287, 'Nivel 3', 'Gramática intermedia', CAST('2026-01-01' AS DATETIME), NULL),
(1434, 287, 'Nivel 4', 'Conversación avanzada', CAST('2026-01-01' AS DATETIME), NULL),
(1435, 287, 'Nivel 5', 'Fluidez nativa', CAST('2026-01-01' AS DATETIME), NULL),
(1436, 288, 'Nivel 1', 'Alfabeto y saludos', CAST('2026-01-01' AS DATETIME), NULL),
(1437, 288, 'Nivel 2', 'Vocabulario básico', CAST('2026-01-01' AS DATETIME), NULL),
(1438, 288, 'Nivel 3', 'Gramática intermedia', CAST('2026-01-01' AS DATETIME), NULL),
(1439, 288, 'Nivel 4', 'Conversación avanzada', CAST('2026-01-01' AS DATETIME), NULL),
(1440, 288, 'Nivel 5', 'Fluidez nativa', CAST('2026-01-01' AS DATETIME), NULL),
(1441, 289, 'Nivel 1', 'Alfabeto y saludos', CAST('2026-01-01' AS DATETIME), NULL),
(1442, 289, 'Nivel 2', 'Vocabulario básico', CAST('2026-01-01' AS DATETIME), NULL),
(1443, 289, 'Nivel 3', 'Gramática intermedia', CAST('2026-01-01' AS DATETIME), NULL),
(1444, 289, 'Nivel 4', 'Conversación avanzada', CAST('2026-01-01' AS DATETIME), NULL),
(1445, 289, 'Nivel 5', 'Fluidez nativa', CAST('2026-01-01' AS DATETIME), NULL),
(1446, 290, 'Nivel 1', 'Alfabeto y saludos', CAST('2026-01-01' AS DATETIME), NULL),
(1447, 290, 'Nivel 2', 'Vocabulario básico', CAST('2026-01-01' AS DATETIME), NULL),
(1448, 290, 'Nivel 3', 'Gramática intermedia', CAST('2026-01-01' AS DATETIME), NULL),
(1449, 290, 'Nivel 4', 'Conversación avanzada', CAST('2026-01-01' AS DATETIME), NULL),
(1450, 290, 'Nivel 5', 'Fluidez nativa', CAST('2026-01-01' AS DATETIME), NULL),
(1451, 291, 'Nivel 1', 'Alfabeto y saludos', CAST('2026-01-01' AS DATETIME), NULL),
(1452, 291, 'Nivel 2', 'Vocabulario básico', CAST('2026-01-01' AS DATETIME), NULL),
(1453, 291, 'Nivel 3', 'Gramática intermedia', CAST('2026-01-01' AS DATETIME), NULL),
(1454, 291, 'Nivel 4', 'Conversación avanzada', CAST('2026-01-01' AS DATETIME), NULL),
(1455, 291, 'Nivel 5', 'Fluidez nativa', CAST('2026-01-01' AS DATETIME), NULL),
(1456, 292, 'Nivel 1', 'Alfabeto y saludos', CAST('2026-01-01' AS DATETIME), NULL),
(1457, 292, 'Nivel 2', 'Vocabulario básico', CAST('2026-01-01' AS DATETIME), NULL),
(1458, 292, 'Nivel 3', 'Gramática intermedia', CAST('2026-01-01' AS DATETIME), NULL),
(1459, 292, 'Nivel 4', 'Conversación avanzada', CAST('2026-01-01' AS DATETIME), NULL),
(1460, 292, 'Nivel 5', 'Fluidez nativa', CAST('2026-01-01' AS DATETIME), NULL),
(1461, 293, 'Nivel 1', 'Alfabeto y saludos', CAST('2026-01-01' AS DATETIME), NULL),
(1462, 293, 'Nivel 2', 'Vocabulario básico', CAST('2026-01-01' AS DATETIME), NULL),
(1463, 293, 'Nivel 3', 'Gramática intermedia', CAST('2026-01-01' AS DATETIME), NULL),
(1464, 293, 'Nivel 4', 'Conversación avanzada', CAST('2026-01-01' AS DATETIME), NULL),
(1465, 293, 'Nivel 5', 'Fluidez nativa', CAST('2026-01-01' AS DATETIME), NULL),
(1466, 294, 'Nivel 1', 'Alfabeto y saludos', CAST('2026-01-01' AS DATETIME), NULL),
(1467, 294, 'Nivel 2', 'Vocabulario básico', CAST('2026-01-01' AS DATETIME), NULL),
(1468, 294, 'Nivel 3', 'Gramática intermedia', CAST('2026-01-01' AS DATETIME), NULL),
(1469, 294, 'Nivel 4', 'Conversación avanzada', CAST('2026-01-01' AS DATETIME), NULL),
(1470, 294, 'Nivel 5', 'Fluidez nativa', CAST('2026-01-01' AS DATETIME), NULL),
(1471, 295, 'Nivel 1', 'Alfabeto y saludos', CAST('2026-01-01' AS DATETIME), NULL),
(1472, 295, 'Nivel 2', 'Vocabulario básico', CAST('2026-01-01' AS DATETIME), NULL),
(1473, 295, 'Nivel 3', 'Gramática intermedia', CAST('2026-01-01' AS DATETIME), NULL),
(1474, 295, 'Nivel 4', 'Conversación avanzada', CAST('2026-01-01' AS DATETIME), NULL),
(1475, 295, 'Nivel 5', 'Fluidez nativa', CAST('2026-01-01' AS DATETIME), NULL),
(1476, 296, 'Nivel 1', 'Alfabeto y saludos', CAST('2026-01-01' AS DATETIME), NULL),
(1477, 296, 'Nivel 2', 'Vocabulario básico', CAST('2026-01-01' AS DATETIME), NULL),
(1478, 296, 'Nivel 3', 'Gramática intermedia', CAST('2026-01-01' AS DATETIME), NULL),
(1479, 296, 'Nivel 4', 'Conversación avanzada', CAST('2026-01-01' AS DATETIME), NULL),
(1480, 296, 'Nivel 5', 'Fluidez nativa', CAST('2026-01-01' AS DATETIME), NULL),
(1481, 297, 'Nivel 1', 'Alfabeto y saludos', CAST('2026-01-01' AS DATETIME), NULL),
(1482, 297, 'Nivel 2', 'Vocabulario básico', CAST('2026-01-01' AS DATETIME), NULL),
(1483, 297, 'Nivel 3', 'Gramática intermedia', CAST('2026-01-01' AS DATETIME), NULL),
(1484, 297, 'Nivel 4', 'Conversación avanzada', CAST('2026-01-01' AS DATETIME), NULL),
(1485, 297, 'Nivel 5', 'Fluidez nativa', CAST('2026-01-01' AS DATETIME), NULL),
(1486, 298, 'Nivel 1', 'Alfabeto y saludos', CAST('2026-01-01' AS DATETIME), NULL),
(1487, 298, 'Nivel 2', 'Vocabulario básico', CAST('2026-01-01' AS DATETIME), NULL),
(1488, 298, 'Nivel 3', 'Gramática intermedia', CAST('2026-01-01' AS DATETIME), NULL),
(1489, 298, 'Nivel 4', 'Conversación avanzada', CAST('2026-01-01' AS DATETIME), NULL),
(1490, 298, 'Nivel 5', 'Fluidez nativa', CAST('2026-01-01' AS DATETIME), NULL),
(1491, 299, 'Nivel 1', 'Alfabeto y saludos', CAST('2026-01-01' AS DATETIME), NULL),
(1492, 299, 'Nivel 2', 'Vocabulario básico', CAST('2026-01-01' AS DATETIME), NULL),
(1493, 299, 'Nivel 3', 'Gramática intermedia', CAST('2026-01-01' AS DATETIME), NULL),
(1494, 299, 'Nivel 4', 'Conversación avanzada', CAST('2026-01-01' AS DATETIME), NULL),
(1495, 299, 'Nivel 5', 'Fluidez nativa', CAST('2026-01-01' AS DATETIME), NULL),
(1496, 300, 'Nivel 1', 'Alfabeto y saludos', CAST('2026-01-01' AS DATETIME), NULL),
(1497, 300, 'Nivel 2', 'Vocabulario básico', CAST('2026-01-01' AS DATETIME), NULL),
(1498, 300, 'Nivel 3', 'Gramática intermedia', CAST('2026-01-01' AS DATETIME), NULL),
(1499, 300, 'Nivel 4', 'Conversación avanzada', CAST('2026-01-01' AS DATETIME), NULL),
(1500, 300, 'Nivel 5', 'Fluidez nativa', CAST('2026-01-01' AS DATETIME), NULL),
(1501, 301, 'Nivel 1', 'Alfabeto y saludos', CAST('2026-01-01' AS DATETIME), NULL),
(1502, 301, 'Nivel 2', 'Vocabulario básico', CAST('2026-01-01' AS DATETIME), NULL),
(1503, 301, 'Nivel 3', 'Gramática intermedia', CAST('2026-01-01' AS DATETIME), NULL),
(1504, 301, 'Nivel 4', 'Conversación avanzada', CAST('2026-01-01' AS DATETIME), NULL),
(1505, 301, 'Nivel 5', 'Fluidez nativa', CAST('2026-01-01' AS DATETIME), NULL),
(1506, 302, 'Nivel 1', 'Alfabeto y saludos', CAST('2026-01-01' AS DATETIME), NULL),
(1507, 302, 'Nivel 2', 'Vocabulario básico', CAST('2026-01-01' AS DATETIME), NULL),
(1508, 302, 'Nivel 3', 'Gramática intermedia', CAST('2026-01-01' AS DATETIME), NULL),
(1509, 302, 'Nivel 4', 'Conversación avanzada', CAST('2026-01-01' AS DATETIME), NULL),
(1510, 302, 'Nivel 5', 'Fluidez nativa', CAST('2026-01-01' AS DATETIME), NULL),
(1511, 303, 'Nivel 1', 'Alfabeto y saludos', CAST('2026-01-01' AS DATETIME), NULL),
(1512, 303, 'Nivel 2', 'Vocabulario básico', CAST('2026-01-01' AS DATETIME), NULL),
(1513, 303, 'Nivel 3', 'Gramática intermedia', CAST('2026-01-01' AS DATETIME), NULL),
(1514, 303, 'Nivel 4', 'Conversación avanzada', CAST('2026-01-01' AS DATETIME), NULL),
(1515, 303, 'Nivel 5', 'Fluidez nativa', CAST('2026-01-01' AS DATETIME), NULL),
(1516, 304, 'Nivel 1', 'Alfabeto y saludos', CAST('2026-01-01' AS DATETIME), NULL),
(1517, 304, 'Nivel 2', 'Vocabulario básico', CAST('2026-01-01' AS DATETIME), NULL),
(1518, 304, 'Nivel 3', 'Gramática intermedia', CAST('2026-01-01' AS DATETIME), NULL),
(1519, 304, 'Nivel 4', 'Conversación avanzada', CAST('2026-01-01' AS DATETIME), NULL),
(1520, 304, 'Nivel 5', 'Fluidez nativa', CAST('2026-01-01' AS DATETIME), NULL),
(1521, 305, 'Nivel 1', 'Alfabeto y saludos', CAST('2026-01-01' AS DATETIME), NULL),
(1522, 305, 'Nivel 2', 'Vocabulario básico', CAST('2026-01-01' AS DATETIME), NULL),
(1523, 305, 'Nivel 3', 'Gramática intermedia', CAST('2026-01-01' AS DATETIME), NULL),
(1524, 305, 'Nivel 4', 'Conversación avanzada', CAST('2026-01-01' AS DATETIME), NULL),
(1525, 305, 'Nivel 5', 'Fluidez nativa', CAST('2026-01-01' AS DATETIME), NULL),
(1526, 306, 'Nivel 1', 'Alfabeto y saludos', CAST('2026-01-01' AS DATETIME), NULL),
(1527, 306, 'Nivel 2', 'Vocabulario básico', CAST('2026-01-01' AS DATETIME), NULL),
(1528, 306, 'Nivel 3', 'Gramática intermedia', CAST('2026-01-01' AS DATETIME), NULL),
(1529, 306, 'Nivel 4', 'Conversación avanzada', CAST('2026-01-01' AS DATETIME), NULL),
(1530, 306, 'Nivel 5', 'Fluidez nativa', CAST('2026-01-01' AS DATETIME), NULL),
(1531, 307, 'Nivel 1', 'Alfabeto y saludos', CAST('2026-01-01' AS DATETIME), NULL),
(1532, 307, 'Nivel 2', 'Vocabulario básico', CAST('2026-01-01' AS DATETIME), NULL),
(1533, 307, 'Nivel 3', 'Gramática intermedia', CAST('2026-01-01' AS DATETIME), NULL),
(1534, 307, 'Nivel 4', 'Conversación avanzada', CAST('2026-01-01' AS DATETIME), NULL),
(1535, 307, 'Nivel 5', 'Fluidez nativa', CAST('2026-01-01' AS DATETIME), NULL),
(1536, 308, 'Nivel 1', 'Alfabeto y saludos', CAST('2026-01-01' AS DATETIME), NULL),
(1537, 308, 'Nivel 2', 'Vocabulario básico', CAST('2026-01-01' AS DATETIME), NULL),
(1538, 308, 'Nivel 3', 'Gramática intermedia', CAST('2026-01-01' AS DATETIME), NULL),
(1539, 308, 'Nivel 4', 'Conversación avanzada', CAST('2026-01-01' AS DATETIME), NULL),
(1540, 308, 'Nivel 5', 'Fluidez nativa', CAST('2026-01-01' AS DATETIME), NULL),
(1541, 309, 'Nivel 1', 'Alfabeto y saludos', CAST('2026-01-01' AS DATETIME), NULL),
(1542, 309, 'Nivel 2', 'Vocabulario básico', CAST('2026-01-01' AS DATETIME), NULL),
(1543, 309, 'Nivel 3', 'Gramática intermedia', CAST('2026-01-01' AS DATETIME), NULL),
(1544, 309, 'Nivel 4', 'Conversación avanzada', CAST('2026-01-01' AS DATETIME), NULL),
(1545, 309, 'Nivel 5', 'Fluidez nativa', CAST('2026-01-01' AS DATETIME), NULL),
(1546, 310, 'Nivel 1', 'Alfabeto y saludos', CAST('2026-01-01' AS DATETIME), NULL),
(1547, 310, 'Nivel 2', 'Vocabulario básico', CAST('2026-01-01' AS DATETIME), NULL),
(1548, 310, 'Nivel 3', 'Gramática intermedia', CAST('2026-01-01' AS DATETIME), NULL),
(1549, 310, 'Nivel 4', 'Conversación avanzada', CAST('2026-01-01' AS DATETIME), NULL),
(1550, 310, 'Nivel 5', 'Fluidez nativa', CAST('2026-01-01' AS DATETIME), NULL),
(1551, 311, 'Nivel 1', 'Alfabeto y saludos', CAST('2026-01-01' AS DATETIME), NULL),
(1552, 311, 'Nivel 2', 'Vocabulario básico', CAST('2026-01-01' AS DATETIME), NULL),
(1553, 311, 'Nivel 3', 'Gramática intermedia', CAST('2026-01-01' AS DATETIME), NULL),
(1554, 311, 'Nivel 4', 'Conversación avanzada', CAST('2026-01-01' AS DATETIME), NULL),
(1555, 311, 'Nivel 5', 'Fluidez nativa', CAST('2026-01-01' AS DATETIME), NULL),
(1556, 312, 'Nivel 1', 'Alfabeto y saludos', CAST('2026-01-01' AS DATETIME), NULL),
(1557, 312, 'Nivel 2', 'Vocabulario básico', CAST('2026-01-01' AS DATETIME), NULL),
(1558, 312, 'Nivel 3', 'Gramática intermedia', CAST('2026-01-01' AS DATETIME), NULL),
(1559, 312, 'Nivel 4', 'Conversación avanzada', CAST('2026-01-01' AS DATETIME), NULL),
(1560, 312, 'Nivel 5', 'Fluidez nativa', CAST('2026-01-01' AS DATETIME), NULL),
(1561, 313, 'Nivel 1', 'Alfabeto y saludos', CAST('2026-01-01' AS DATETIME), NULL),
(1562, 313, 'Nivel 2', 'Vocabulario básico', CAST('2026-01-01' AS DATETIME), NULL),
(1563, 313, 'Nivel 3', 'Gramática intermedia', CAST('2026-01-01' AS DATETIME), NULL),
(1564, 313, 'Nivel 4', 'Conversación avanzada', CAST('2026-01-01' AS DATETIME), NULL),
(1565, 313, 'Nivel 5', 'Fluidez nativa', CAST('2026-01-01' AS DATETIME), NULL),
(1566, 314, 'Nivel 1', 'Alfabeto y saludos', CAST('2026-01-01' AS DATETIME), NULL),
(1567, 314, 'Nivel 2', 'Vocabulario básico', CAST('2026-01-01' AS DATETIME), NULL),
(1568, 314, 'Nivel 3', 'Gramática intermedia', CAST('2026-01-01' AS DATETIME), NULL),
(1569, 314, 'Nivel 4', 'Conversación avanzada', CAST('2026-01-01' AS DATETIME), NULL),
(1570, 314, 'Nivel 5', 'Fluidez nativa', CAST('2026-01-01' AS DATETIME), NULL),
(1571, 315, 'Nivel 1', 'Alfabeto y saludos', CAST('2026-01-01' AS DATETIME), NULL),
(1572, 315, 'Nivel 2', 'Vocabulario básico', CAST('2026-01-01' AS DATETIME), NULL),
(1573, 315, 'Nivel 3', 'Gramática intermedia', CAST('2026-01-01' AS DATETIME), NULL),
(1574, 315, 'Nivel 4', 'Conversación avanzada', CAST('2026-01-01' AS DATETIME), NULL),
(1575, 315, 'Nivel 5', 'Fluidez nativa', CAST('2026-01-01' AS DATETIME), NULL),
(1576, 316, 'Nivel 1', 'Alfabeto y saludos', CAST('2026-01-01' AS DATETIME), NULL),
(1577, 316, 'Nivel 2', 'Vocabulario básico', CAST('2026-01-01' AS DATETIME), NULL),
(1578, 316, 'Nivel 3', 'Gramática intermedia', CAST('2026-01-01' AS DATETIME), NULL),
(1579, 316, 'Nivel 4', 'Conversación avanzada', CAST('2026-01-01' AS DATETIME), NULL),
(1580, 316, 'Nivel 5', 'Fluidez nativa', CAST('2026-01-01' AS DATETIME), NULL),
(1581, 317, 'Nivel 1', 'Alfabeto y saludos', CAST('2026-01-01' AS DATETIME), NULL),
(1582, 317, 'Nivel 2', 'Vocabulario básico', CAST('2026-01-01' AS DATETIME), NULL),
(1583, 317, 'Nivel 3', 'Gramática intermedia', CAST('2026-01-01' AS DATETIME), NULL),
(1584, 317, 'Nivel 4', 'Conversación avanzada', CAST('2026-01-01' AS DATETIME), NULL),
(1585, 317, 'Nivel 5', 'Fluidez nativa', CAST('2026-01-01' AS DATETIME), NULL),
(1586, 318, 'Nivel 1', 'Alfabeto y saludos', CAST('2026-01-01' AS DATETIME), NULL),
(1587, 318, 'Nivel 2', 'Vocabulario básico', CAST('2026-01-01' AS DATETIME), NULL),
(1588, 318, 'Nivel 3', 'Gramática intermedia', CAST('2026-01-01' AS DATETIME), NULL),
(1589, 318, 'Nivel 4', 'Conversación avanzada', CAST('2026-01-01' AS DATETIME), NULL),
(1590, 318, 'Nivel 5', 'Fluidez nativa', CAST('2026-01-01' AS DATETIME), NULL),
(1591, 319, 'Nivel 1', 'Alfabeto y saludos', CAST('2026-01-01' AS DATETIME), NULL),
(1592, 319, 'Nivel 2', 'Vocabulario básico', CAST('2026-01-01' AS DATETIME), NULL),
(1593, 319, 'Nivel 3', 'Gramática intermedia', CAST('2026-01-01' AS DATETIME), NULL),
(1594, 319, 'Nivel 4', 'Conversación avanzada', CAST('2026-01-01' AS DATETIME), NULL),
(1595, 319, 'Nivel 5', 'Fluidez nativa', CAST('2026-01-01' AS DATETIME), NULL),
(1596, 320, 'Nivel 1', 'Alfabeto y saludos', CAST('2026-01-01' AS DATETIME), NULL),
(1597, 320, 'Nivel 2', 'Vocabulario básico', CAST('2026-01-01' AS DATETIME), NULL),
(1598, 320, 'Nivel 3', 'Gramática intermedia', CAST('2026-01-01' AS DATETIME), NULL),
(1599, 320, 'Nivel 4', 'Conversación avanzada', CAST('2026-01-01' AS DATETIME), NULL),
(1600, 320, 'Nivel 5', 'Fluidez nativa', CAST('2026-01-01' AS DATETIME), NULL),
(1601, 321, 'Nivel 1', 'Alfabeto y saludos', CAST('2026-01-01' AS DATETIME), NULL),
(1602, 321, 'Nivel 2', 'Vocabulario básico', CAST('2026-01-01' AS DATETIME), NULL),
(1603, 321, 'Nivel 3', 'Gramática intermedia', CAST('2026-01-01' AS DATETIME), NULL),
(1604, 321, 'Nivel 4', 'Conversación avanzada', CAST('2026-01-01' AS DATETIME), NULL),
(1605, 321, 'Nivel 5', 'Fluidez nativa', CAST('2026-01-01' AS DATETIME), NULL),
(1606, 322, 'Nivel 1', 'Alfabeto y saludos', CAST('2026-01-01' AS DATETIME), NULL),
(1607, 322, 'Nivel 2', 'Vocabulario básico', CAST('2026-01-01' AS DATETIME), NULL),
(1608, 322, 'Nivel 3', 'Gramática intermedia', CAST('2026-01-01' AS DATETIME), NULL),
(1609, 322, 'Nivel 4', 'Conversación avanzada', CAST('2026-01-01' AS DATETIME), NULL),
(1610, 322, 'Nivel 5', 'Fluidez nativa', CAST('2026-01-01' AS DATETIME), NULL),
(1611, 323, 'Nivel 1', 'Alfabeto y saludos', CAST('2026-01-01' AS DATETIME), NULL),
(1612, 323, 'Nivel 2', 'Vocabulario básico', CAST('2026-01-01' AS DATETIME), NULL),
(1613, 323, 'Nivel 3', 'Gramática intermedia', CAST('2026-01-01' AS DATETIME), NULL),
(1614, 323, 'Nivel 4', 'Conversación avanzada', CAST('2026-01-01' AS DATETIME), NULL),
(1615, 323, 'Nivel 5', 'Fluidez nativa', CAST('2026-01-01' AS DATETIME), NULL),
(1616, 324, 'Nivel 1', 'Alfabeto y saludos', CAST('2026-01-01' AS DATETIME), NULL),
(1617, 324, 'Nivel 2', 'Vocabulario básico', CAST('2026-01-01' AS DATETIME), NULL),
(1618, 324, 'Nivel 3', 'Gramática intermedia', CAST('2026-01-01' AS DATETIME), NULL),
(1619, 324, 'Nivel 4', 'Conversación avanzada', CAST('2026-01-01' AS DATETIME), NULL),
(1620, 324, 'Nivel 5', 'Fluidez nativa', CAST('2026-01-01' AS DATETIME), NULL),
(1621, 325, 'Nivel 1', 'Alfabeto y saludos', CAST('2026-01-01' AS DATETIME), NULL),
(1622, 325, 'Nivel 2', 'Vocabulario básico', CAST('2026-01-01' AS DATETIME), NULL),
(1623, 325, 'Nivel 3', 'Gramática intermedia', CAST('2026-01-01' AS DATETIME), NULL),
(1624, 325, 'Nivel 4', 'Conversación avanzada', CAST('2026-01-01' AS DATETIME), NULL),
(1625, 325, 'Nivel 5', 'Fluidez nativa', CAST('2026-01-01' AS DATETIME), NULL),
(1626, 326, 'Nivel 1', 'Alfabeto y saludos', CAST('2026-01-01' AS DATETIME), NULL),
(1627, 326, 'Nivel 2', 'Vocabulario básico', CAST('2026-01-01' AS DATETIME), NULL),
(1628, 326, 'Nivel 3', 'Gramática intermedia', CAST('2026-01-01' AS DATETIME), NULL),
(1629, 326, 'Nivel 4', 'Conversación avanzada', CAST('2026-01-01' AS DATETIME), NULL),
(1630, 326, 'Nivel 5', 'Fluidez nativa', CAST('2026-01-01' AS DATETIME), NULL),
(1631, 327, 'Nivel 1', 'Alfabeto y saludos', CAST('2026-01-01' AS DATETIME), NULL),
(1632, 327, 'Nivel 2', 'Vocabulario básico', CAST('2026-01-01' AS DATETIME), NULL),
(1633, 327, 'Nivel 3', 'Gramática intermedia', CAST('2026-01-01' AS DATETIME), NULL),
(1634, 327, 'Nivel 4', 'Conversación avanzada', CAST('2026-01-01' AS DATETIME), NULL),
(1635, 327, 'Nivel 5', 'Fluidez nativa', CAST('2026-01-01' AS DATETIME), NULL),
(1636, 328, 'Nivel 1', 'Alfabeto y saludos', CAST('2026-01-01' AS DATETIME), NULL),
(1637, 328, 'Nivel 2', 'Vocabulario básico', CAST('2026-01-01' AS DATETIME), NULL),
(1638, 328, 'Nivel 3', 'Gramática intermedia', CAST('2026-01-01' AS DATETIME), NULL),
(1639, 328, 'Nivel 4', 'Conversación avanzada', CAST('2026-01-01' AS DATETIME), NULL),
(1640, 328, 'Nivel 5', 'Fluidez nativa', CAST('2026-01-01' AS DATETIME), NULL),
(1641, 329, 'Nivel 1', 'Alfabeto y saludos', CAST('2026-01-01' AS DATETIME), NULL),
(1642, 329, 'Nivel 2', 'Vocabulario básico', CAST('2026-01-01' AS DATETIME), NULL),
(1643, 329, 'Nivel 3', 'Gramática intermedia', CAST('2026-01-01' AS DATETIME), NULL),
(1644, 329, 'Nivel 4', 'Conversación avanzada', CAST('2026-01-01' AS DATETIME), NULL),
(1645, 329, 'Nivel 5', 'Fluidez nativa', CAST('2026-01-01' AS DATETIME), NULL),
(1646, 330, 'Nivel 1', 'Alfabeto y saludos', CAST('2026-01-01' AS DATETIME), NULL),
(1647, 330, 'Nivel 2', 'Vocabulario básico', CAST('2026-01-01' AS DATETIME), NULL),
(1648, 330, 'Nivel 3', 'Gramática intermedia', CAST('2026-01-01' AS DATETIME), NULL),
(1649, 330, 'Nivel 4', 'Conversación avanzada', CAST('2026-01-01' AS DATETIME), NULL),
(1650, 330, 'Nivel 5', 'Fluidez nativa', CAST('2026-01-01' AS DATETIME), NULL),
(1651, 331, 'Nivel 1', 'Alfabeto y saludos', CAST('2026-01-01' AS DATETIME), NULL),
(1652, 331, 'Nivel 2', 'Vocabulario básico', CAST('2026-01-01' AS DATETIME), NULL),
(1653, 331, 'Nivel 3', 'Gramática intermedia', CAST('2026-01-01' AS DATETIME), NULL),
(1654, 331, 'Nivel 4', 'Conversación avanzada', CAST('2026-01-01' AS DATETIME), NULL),
(1655, 331, 'Nivel 5', 'Fluidez nativa', CAST('2026-01-01' AS DATETIME), NULL),
(1656, 332, 'Nivel 1', 'Alfabeto y saludos', CAST('2026-01-01' AS DATETIME), NULL),
(1657, 332, 'Nivel 2', 'Vocabulario básico', CAST('2026-01-01' AS DATETIME), NULL),
(1658, 332, 'Nivel 3', 'Gramática intermedia', CAST('2026-01-01' AS DATETIME), NULL),
(1659, 332, 'Nivel 4', 'Conversación avanzada', CAST('2026-01-01' AS DATETIME), NULL),
(1660, 332, 'Nivel 5', 'Fluidez nativa', CAST('2026-01-01' AS DATETIME), NULL),
(1661, 333, 'Nivel 1', 'Alfabeto y saludos', CAST('2026-01-01' AS DATETIME), NULL),
(1662, 333, 'Nivel 2', 'Vocabulario básico', CAST('2026-01-01' AS DATETIME), NULL),
(1663, 333, 'Nivel 3', 'Gramática intermedia', CAST('2026-01-01' AS DATETIME), NULL),
(1664, 333, 'Nivel 4', 'Conversación avanzada', CAST('2026-01-01' AS DATETIME), NULL),
(1665, 333, 'Nivel 5', 'Fluidez nativa', CAST('2026-01-01' AS DATETIME), NULL),
(1666, 334, 'Nivel 1', 'Alfabeto y saludos', CAST('2026-01-01' AS DATETIME), NULL),
(1667, 334, 'Nivel 2', 'Vocabulario básico', CAST('2026-01-01' AS DATETIME), NULL),
(1668, 334, 'Nivel 3', 'Gramática intermedia', CAST('2026-01-01' AS DATETIME), NULL),
(1669, 334, 'Nivel 4', 'Conversación avanzada', CAST('2026-01-01' AS DATETIME), NULL),
(1670, 334, 'Nivel 5', 'Fluidez nativa', CAST('2026-01-01' AS DATETIME), NULL),
(1671, 335, 'Nivel 1', 'Alfabeto y saludos', CAST('2026-01-01' AS DATETIME), NULL),
(1672, 335, 'Nivel 2', 'Vocabulario básico', CAST('2026-01-01' AS DATETIME), NULL),
(1673, 335, 'Nivel 3', 'Gramática intermedia', CAST('2026-01-01' AS DATETIME), NULL),
(1674, 335, 'Nivel 4', 'Conversación avanzada', CAST('2026-01-01' AS DATETIME), NULL),
(1675, 335, 'Nivel 5', 'Fluidez nativa', CAST('2026-01-01' AS DATETIME), NULL),
(1676, 336, 'Nivel 1', 'Alfabeto y saludos', CAST('2026-01-01' AS DATETIME), NULL),
(1677, 336, 'Nivel 2', 'Vocabulario básico', CAST('2026-01-01' AS DATETIME), NULL),
(1678, 336, 'Nivel 3', 'Gramática intermedia', CAST('2026-01-01' AS DATETIME), NULL),
(1679, 336, 'Nivel 4', 'Conversación avanzada', CAST('2026-01-01' AS DATETIME), NULL),
(1680, 336, 'Nivel 5', 'Fluidez nativa', CAST('2026-01-01' AS DATETIME), NULL),
(1681, 337, 'Nivel 1', 'Alfabeto y saludos', CAST('2026-01-01' AS DATETIME), NULL),
(1682, 337, 'Nivel 2', 'Vocabulario básico', CAST('2026-01-01' AS DATETIME), NULL),
(1683, 337, 'Nivel 3', 'Gramática intermedia', CAST('2026-01-01' AS DATETIME), NULL),
(1684, 337, 'Nivel 4', 'Conversación avanzada', CAST('2026-01-01' AS DATETIME), NULL),
(1685, 337, 'Nivel 5', 'Fluidez nativa', CAST('2026-01-01' AS DATETIME), NULL),
(1686, 338, 'Nivel 1', 'Alfabeto y saludos', CAST('2026-01-01' AS DATETIME), NULL),
(1687, 338, 'Nivel 2', 'Vocabulario básico', CAST('2026-01-01' AS DATETIME), NULL),
(1688, 338, 'Nivel 3', 'Gramática intermedia', CAST('2026-01-01' AS DATETIME), NULL),
(1689, 338, 'Nivel 4', 'Conversación avanzada', CAST('2026-01-01' AS DATETIME), NULL),
(1690, 338, 'Nivel 5', 'Fluidez nativa', CAST('2026-01-01' AS DATETIME), NULL),
(1691, 339, 'Nivel 1', 'Alfabeto y saludos', CAST('2026-01-01' AS DATETIME), NULL),
(1692, 339, 'Nivel 2', 'Vocabulario básico', CAST('2026-01-01' AS DATETIME), NULL),
(1693, 339, 'Nivel 3', 'Gramática intermedia', CAST('2026-01-01' AS DATETIME), NULL),
(1694, 339, 'Nivel 4', 'Conversación avanzada', CAST('2026-01-01' AS DATETIME), NULL),
(1695, 339, 'Nivel 5', 'Fluidez nativa', CAST('2026-01-01' AS DATETIME), NULL),
(1696, 340, 'Nivel 1', 'Alfabeto y saludos', CAST('2026-01-01' AS DATETIME), NULL),
(1697, 340, 'Nivel 2', 'Vocabulario básico', CAST('2026-01-01' AS DATETIME), NULL),
(1698, 340, 'Nivel 3', 'Gramática intermedia', CAST('2026-01-01' AS DATETIME), NULL),
(1699, 340, 'Nivel 4', 'Conversación avanzada', CAST('2026-01-01' AS DATETIME), NULL),
(1700, 340, 'Nivel 5', 'Fluidez nativa', CAST('2026-01-01' AS DATETIME), NULL),
(1701, 341, 'Nivel 1', 'Alfabeto y saludos', CAST('2026-01-01' AS DATETIME), NULL),
(1702, 341, 'Nivel 2', 'Vocabulario básico', CAST('2026-01-01' AS DATETIME), NULL),
(1703, 341, 'Nivel 3', 'Gramática intermedia', CAST('2026-01-01' AS DATETIME), NULL),
(1704, 341, 'Nivel 4', 'Conversación avanzada', CAST('2026-01-01' AS DATETIME), NULL),
(1705, 341, 'Nivel 5', 'Fluidez nativa', CAST('2026-01-01' AS DATETIME), NULL),
(1706, 342, 'Nivel 1', 'Alfabeto y saludos', CAST('2026-01-01' AS DATETIME), NULL),
(1707, 342, 'Nivel 2', 'Vocabulario básico', CAST('2026-01-01' AS DATETIME), NULL),
(1708, 342, 'Nivel 3', 'Gramática intermedia', CAST('2026-01-01' AS DATETIME), NULL),
(1709, 342, 'Nivel 4', 'Conversación avanzada', CAST('2026-01-01' AS DATETIME), NULL),
(1710, 342, 'Nivel 5', 'Fluidez nativa', CAST('2026-01-01' AS DATETIME), NULL),
(1711, 343, 'Nivel 1', 'Alfabeto y saludos', CAST('2026-01-01' AS DATETIME), NULL),
(1712, 343, 'Nivel 2', 'Vocabulario básico', CAST('2026-01-01' AS DATETIME), NULL),
(1713, 343, 'Nivel 3', 'Gramática intermedia', CAST('2026-01-01' AS DATETIME), NULL),
(1714, 343, 'Nivel 4', 'Conversación avanzada', CAST('2026-01-01' AS DATETIME), NULL),
(1715, 343, 'Nivel 5', 'Fluidez nativa', CAST('2026-01-01' AS DATETIME), NULL),
(1716, 344, 'Nivel 1', 'Alfabeto y saludos', CAST('2026-01-01' AS DATETIME), NULL),
(1717, 344, 'Nivel 2', 'Vocabulario básico', CAST('2026-01-01' AS DATETIME), NULL),
(1718, 344, 'Nivel 3', 'Gramática intermedia', CAST('2026-01-01' AS DATETIME), NULL),
(1719, 344, 'Nivel 4', 'Conversación avanzada', CAST('2026-01-01' AS DATETIME), NULL),
(1720, 344, 'Nivel 5', 'Fluidez nativa', CAST('2026-01-01' AS DATETIME), NULL),
(1721, 345, 'Nivel 1', 'Alfabeto y saludos', CAST('2026-01-01' AS DATETIME), NULL),
(1722, 345, 'Nivel 2', 'Vocabulario básico', CAST('2026-01-01' AS DATETIME), NULL),
(1723, 345, 'Nivel 3', 'Gramática intermedia', CAST('2026-01-01' AS DATETIME), NULL),
(1724, 345, 'Nivel 4', 'Conversación avanzada', CAST('2026-01-01' AS DATETIME), NULL),
(1725, 345, 'Nivel 5', 'Fluidez nativa', CAST('2026-01-01' AS DATETIME), NULL),
(1726, 346, 'Nivel 1', 'Alfabeto y saludos', CAST('2026-01-01' AS DATETIME), NULL),
(1727, 346, 'Nivel 2', 'Vocabulario básico', CAST('2026-01-01' AS DATETIME), NULL),
(1728, 346, 'Nivel 3', 'Gramática intermedia', CAST('2026-01-01' AS DATETIME), NULL),
(1729, 346, 'Nivel 4', 'Conversación avanzada', CAST('2026-01-01' AS DATETIME), NULL),
(1730, 346, 'Nivel 5', 'Fluidez nativa', CAST('2026-01-01' AS DATETIME), NULL),
(1731, 347, 'Nivel 1', 'Alfabeto y saludos', CAST('2026-01-01' AS DATETIME), NULL),
(1732, 347, 'Nivel 2', 'Vocabulario básico', CAST('2026-01-01' AS DATETIME), NULL),
(1733, 347, 'Nivel 3', 'Gramática intermedia', CAST('2026-01-01' AS DATETIME), NULL),
(1734, 347, 'Nivel 4', 'Conversación avanzada', CAST('2026-01-01' AS DATETIME), NULL),
(1735, 347, 'Nivel 5', 'Fluidez nativa', CAST('2026-01-01' AS DATETIME), NULL),
(1736, 348, 'Nivel 1', 'Alfabeto y saludos', CAST('2026-01-01' AS DATETIME), NULL),
(1737, 348, 'Nivel 2', 'Vocabulario básico', CAST('2026-01-01' AS DATETIME), NULL),
(1738, 348, 'Nivel 3', 'Gramática intermedia', CAST('2026-01-01' AS DATETIME), NULL),
(1739, 348, 'Nivel 4', 'Conversación avanzada', CAST('2026-01-01' AS DATETIME), NULL),
(1740, 348, 'Nivel 5', 'Fluidez nativa', CAST('2026-01-01' AS DATETIME), NULL),
(1741, 349, 'Nivel 1', 'Alfabeto y saludos', CAST('2026-01-01' AS DATETIME), NULL),
(1742, 349, 'Nivel 2', 'Vocabulario básico', CAST('2026-01-01' AS DATETIME), NULL),
(1743, 349, 'Nivel 3', 'Gramática intermedia', CAST('2026-01-01' AS DATETIME), NULL),
(1744, 349, 'Nivel 4', 'Conversación avanzada', CAST('2026-01-01' AS DATETIME), NULL),
(1745, 349, 'Nivel 5', 'Fluidez nativa', CAST('2026-01-01' AS DATETIME), NULL),
(1746, 350, 'Nivel 1', 'Alfabeto y saludos', CAST('2026-01-01' AS DATETIME), NULL),
(1747, 350, 'Nivel 2', 'Vocabulario básico', CAST('2026-01-01' AS DATETIME), NULL),
(1748, 350, 'Nivel 3', 'Gramática intermedia', CAST('2026-01-01' AS DATETIME), NULL),
(1749, 350, 'Nivel 4', 'Conversación avanzada', CAST('2026-01-01' AS DATETIME), NULL),
(1750, 350, 'Nivel 5', 'Fluidez nativa', CAST('2026-01-01' AS DATETIME), NULL),
(1751, 351, 'Nivel 1', 'Alfabeto y saludos', CAST('2026-01-01' AS DATETIME), NULL),
(1752, 351, 'Nivel 2', 'Vocabulario básico', CAST('2026-01-01' AS DATETIME), NULL),
(1753, 351, 'Nivel 3', 'Gramática intermedia', CAST('2026-01-01' AS DATETIME), NULL),
(1754, 351, 'Nivel 4', 'Conversación avanzada', CAST('2026-01-01' AS DATETIME), NULL),
(1755, 351, 'Nivel 5', 'Fluidez nativa', CAST('2026-01-01' AS DATETIME), NULL),
(1756, 352, 'Nivel 1', 'Alfabeto y saludos', CAST('2026-01-01' AS DATETIME), NULL),
(1757, 352, 'Nivel 2', 'Vocabulario básico', CAST('2026-01-01' AS DATETIME), NULL),
(1758, 352, 'Nivel 3', 'Gramática intermedia', CAST('2026-01-01' AS DATETIME), NULL),
(1759, 352, 'Nivel 4', 'Conversación avanzada', CAST('2026-01-01' AS DATETIME), NULL),
(1760, 352, 'Nivel 5', 'Fluidez nativa', CAST('2026-01-01' AS DATETIME), NULL),
(1761, 353, 'Nivel 1', 'Alfabeto y saludos', CAST('2026-01-01' AS DATETIME), NULL),
(1762, 353, 'Nivel 2', 'Vocabulario básico', CAST('2026-01-01' AS DATETIME), NULL),
(1763, 353, 'Nivel 3', 'Gramática intermedia', CAST('2026-01-01' AS DATETIME), NULL),
(1764, 353, 'Nivel 4', 'Conversación avanzada', CAST('2026-01-01' AS DATETIME), NULL),
(1765, 353, 'Nivel 5', 'Fluidez nativa', CAST('2026-01-01' AS DATETIME), NULL),
(1766, 354, 'Nivel 1', 'Alfabeto y saludos', CAST('2026-01-01' AS DATETIME), NULL),
(1767, 354, 'Nivel 2', 'Vocabulario básico', CAST('2026-01-01' AS DATETIME), NULL),
(1768, 354, 'Nivel 3', 'Gramática intermedia', CAST('2026-01-01' AS DATETIME), NULL),
(1769, 354, 'Nivel 4', 'Conversación avanzada', CAST('2026-01-01' AS DATETIME), NULL),
(1770, 354, 'Nivel 5', 'Fluidez nativa', CAST('2026-01-01' AS DATETIME), NULL),
(1771, 355, 'Nivel 1', 'Alfabeto y saludos', CAST('2026-01-01' AS DATETIME), NULL),
(1772, 355, 'Nivel 2', 'Vocabulario básico', CAST('2026-01-01' AS DATETIME), NULL),
(1773, 355, 'Nivel 3', 'Gramática intermedia', CAST('2026-01-01' AS DATETIME), NULL),
(1774, 355, 'Nivel 4', 'Conversación avanzada', CAST('2026-01-01' AS DATETIME), NULL),
(1775, 355, 'Nivel 5', 'Fluidez nativa', CAST('2026-01-01' AS DATETIME), NULL);
GO

-- EJERCICIO ( )
INSERT INTO ejercicio (id_ejercicio, id_nivel, tipo, pregunta, xp_otorgado, dificultad, fecha_alta, fecha_baja) VALUES
(1, 1, 'Matching', 'Empareja la palabra con la imagen', 10, 'fácil', CAST('2026-01-01' AS DATETIME), NULL),
-- ejercicio por nivel
GO

-- PRODUCTO (30 productos)
INSERT INTO producto (id_producto, id_tipo_producto, nombre, descripcion, precio, fecha_alta, fecha_baja) VALUES
(1, 1, 'Lámpara Táctil de Duo dormilón', 'La lámpara táctil de Duo dormilón es una lámpara de luz tenue que se activa al tacto y que podrás colocar donde sea que necesites algo de tranquilidad: tu escritorio, tus repisas, la habitación de tu bebé o el rincón donde deberías estar completando tus lecciones. Toca una vez para un brillo suave o más veces para regular la intensidad. Es cálido, blandito y está feliz de iluminar tu día. Silicona suave LED cálido con 3 niveles de intensidad Requiere 3 pilas AAA, no incluidas Medidas: 19 x 12.7 x 7.6 cm (7.5" x 5" x 3") Este artículo se envía desde EE. UU.', 53.48, CAST('2026-04-15' AS DATETIME), NULL),
(2, 1, 'Juego de tazas Duo & Lily BFF', 'Nada dice "mejores amigos para siempre" como un juego de cilindros con líquido caliente. Descubre el set de tazas Duo & Lily BFF. Quédate con uno y regala el otro a un amigo. O quédate con los dos y reflexiona sobre tu existencia. Sea como sea, seguro que te sentirás más cálido con estas tazas tan especiales. Cerámica esmaltada con detalles pintados. Apto para lavavajillas y microondas. Medidas: 4" x 9.5" (juntos), 4" x 5.75" x 4.5" (individual) Este artículo se envía desde EE. UU.', 71.34, CAST('2026-04-15' AS DATETIME), NULL),
(3, 1, 'Molde del lado dulce del duo', 'El Molde Dulce de Duo es lo único que se interpone entre tú y 8 piezas de chocolate con forma de trasero de Duo. Así que baja las cortinas, enciende una vela y crea dulces como búhos para saborear solo o compartir con amigos. Silicona verde suave Apto para lavavajillas y microondas. Medidas: 8,5" x 4,75" x 1" Este artículo se envía desde EE. UU.', 26.70, CAST('2026-04-15' AS DATETIME), NULL),
(4, 1, 'Llavero de peluche de la rosa de Oscar', '¿Te aferras a tus sentimientos? Quizás sea hora de que alguien más se aferre a ti con el llavero Rosa de Oscar. Con una romántica rosa en la boca y el dije característico de Oscar, este llavero añade el toque perfecto de dramatismo a tu bolso de diario, bolso de trabajo o bolso lleno de poesía. 4" de alto Con detalles bordados y rosa de fieltro suave. Cierre de anillo de metal Apto para mayores de 3 años Este artículo se envía desde EE. UU.', 26.70, CAST('2026-04-15' AS DATETIME), NULL),
(5, 1, 'Conjunto de pins Juntos para siempre', 'Nada dice "pertenecemos juntos" como nuestro Set de Pins Juntos para Siempre. Combínalos y Lily y Duo se entrelazarán a la perfección. Comparte un lado con alguien que te haga sentir completo. O mantenlos juntos... una invitación abierta para la persona que amas. Medidas: 2" x 2" (juntos), 2" x 1" (individual) Pin de metal y esmalte Respaldos de caucho personalizados Este artículo se envía desde EE. UU.', 26.70, CAST('2026-04-15' AS DATETIME), NULL),
(6, 1, 'Llavero de caja sorpresa de peluche Duo', 'Una caja. Un dúo. Cero pistas. Esto no es solo un llavero. Es un juego de ruleta emocional. Cada caja sorpresa de peluches dúo esconde uno de cinco mini llaveros de peluche: suaves, blanditos y listos para colgar en tu bolso, tus llaves o donde sea. ¿Conseguirás un dúo kawaii, impactado o empapado? ¿O conseguirás el raro dúo muerto, observando desde el más allá? Quizás consigas el ultrarraro dúo fénix, de vuelta de las cenizas y más atractivo que nunca. ¡Anímate, prueba tu suerte! Apto para mayores de 3 años Tela de felpa súper suave con llavero de metal. Medidas: 5,25 x 5,25 x 3 pulgadas', 30.27, CAST('2026-04-15' AS DATETIME), NULL),
(7, 1, 'Caja Sorpresa de Duo', '¡Pon tu suerte a prueba! Estas cajas sorpresa traen 7 diseños de Duo basados en los diseños más populares de nuestro widget… pero eso no es todo: ¡cada caja guarda un secreto! ¿Serás parte del 1 % que obtiene el Duo súper raro? Solo hay una forma de descubrirlo. Si ordenas un set de 12 cajas, recibirás un exhibidor especial para la colección. Recomendado de 15 años en adelante Material PVC Medidas: 6.9 x 6.9 x 6.9 cm (2.75" x 2.75" x 2.75")', 26.70, CAST('2026-04-15' AS DATETIME), NULL),
(8, 1, 'Máscara de Duo', 'No hay nada más aterrador que ver a Duo acercarse cuando no has completado tu lección del día. Con esta máscara, pordrás asustar a todos tus amigos para recordarles que completen sus lecciones de Duolingo (o sufriran las consecuencias). Ya sea que se trate de Halloween o de una broma al azar, este disfraz tan lindo como terrorífico dará mucho de que hablar. 100% poliéster Recomendado de 14 años en adelante Ojos con malla para poder ver Medida única', 76.70, CAST('2026-04-15' AS DATETIME), NULL),
(9, 1, 'Kit Apégate a tu Aprendizaje', 'Este kit trae todo lo que necesitas para que no pierdas el camino a tu meta: notas adhesivas para recordatorios rápidos, marcadores para organizarte y un señalador de metal de Duo (para que te vigile te y juzgue si no practicas). El kit fue creado para combinarlo con tu Cuaderno compañero de aprendizaje, pero también funciona con cualquier diario, agenda o papeles al azar. ¡Apégate a tu aprendizaje y alcanzarás tus metas! El kit incluye: 4 packs de notas adhesivas ilustrados 4 packs de pestañas - 26 unidades por pack 4 packs de marcadores - 26 unidades por pack Señalador de metal de Duo', 35.63, CAST('2026-04-15' AS DATETIME), NULL),
(10, 1, 'Set de Stickers de Lily', '¡El set de stickers de la reina del sarcasmo de Duolingo ya está aquí! Dale a todo un toque del humor seco de Lily con este set de stickers de poses y expresiones de Lily. Es ideal para quienes les gusten las bandas desconocidas, las películas de horror de culto y evadir los grupos de gente. Con estos stickers de vinilo, tú también podrás juzgar a distancia a todos los que se lo merezcan. Set variado de stickers de vinilo recortados 15 stickers por set Los stickers miden entre 2 cm y 8.2 cm (0.8" a 3.25")', 17.77, CAST('2026-04-15' AS DATETIME), NULL),
(11, 1, 'Set de Stickers de Falstaff', 'En este set de stickers encontrarás al oso gruñón haciendo lo que más le gusta: dormir, comer y no esforzarse. Cada sticker de vinilo captura las emociones de Falstaff a la perfección, desde "Por favor, no me hables" a "En serio, no me hables". Puedes pegarlo en tu laptop, cuaderno o donde más lo necesites para recordar relajarte. Sugerimos que coloques los stickers de forma horizontal, para que Falstaff no se canse. Set variado de stickers de vinilo recortados 15 stickers por set Los stickers miden entre 2.4 cm y 7.6 cm (0.97" a 3")', 17.77, CAST('2026-04-15' AS DATETIME), NULL),
(12, 1, 'Set de Stickers de Zari', 'Llena todo de color y alegría con el set de stickers de Zari, el personaje más optimista de Duolingo. Cada sticker muestra a Zari en sus momentos de máximo rendimiento: emocionada, organizada y preparando un plan de aprendizaje. Pégalos en tu laptop, cuadernos o donde necesites que alguien te diga "CREE EN TI COMO YO CREO EN TI". Es ideal para fanáticos del k-pop, los dulces y los discursos motivadores que nadie pidió. Set variado de stickers de vinilo recortados 15 stickers por set Los stickers miden entre 2.4 cm y 7.3 cm (0.97" a 2.9")', 17.77, CAST('2026-04-15' AS DATETIME), NULL),
(13, 1, 'Llavero de Peluche Duo', 'Este llavero de Duo evitará que olvides tus lecciones… ¡y tus llaves! Es como el peluche clásico de Duo, solo que más pequeño para caber en tu bolsillo. Está hecho con una tela sedosa que te encantará y quedará perfecto si lo combinas con tu mochila de Duo. 7.6 x 7.6 cm (3" x 3")', 21.34, CAST('2026-04-15' AS DATETIME), NULL),
(14, 1, 'Pin de Emociones de Duo', 'Te presentamos el Pin de emociones de Duo. ¿Quieres saber qué tan dramático es tu búho favorito? Descubre qué siente al ver tu progreso, desde "¡Tú puedes!" hasta "¡¿Vas a usar un traductor automático para eso?!". Ya sea como recordatorio de tus lecciones o para celebrar tu progreso, las expresiones de Duo te ayudarán a mantener el rumbo. ¡Este compañero tan versátil siempre te acompañará, para que aprendas como nunca! Pin esmaltado de 3.3 cm x 3.1 cm (1.33" x 1.25") Gira la rueda para cambiar las expresiones', 26.70, CAST('2026-04-15' AS DATETIME), NULL),
(15, 1, 'Pack de Bolsa Esencial para Lecciones', 'Organiza tu vida y luego haz tu Duolingo diario con nuestro paquete de estuches Lesson Essentials. Con una gema, un corazón y bolígrafos, Duo el búho hizo estos estuches con cremallera para ayudarte a recordar tus lecciones y ahora está aquí para ayudarte a recordar tus llaves. Gema: 3" x 4" x .75" Corazón: 5" x 4" x .75" Bolígrafos: 9.5" x 4" x 1.5" Este artículo se envía desde EE. UU.', 62.41, CAST('2026-04-15' AS DATETIME), NULL),
(16, 1, 'Pelota de Playa Duo', 'Para aprender idiomas hay que completar ejercicios… ¡y qué mejor ejercicio que jugar en la playa! Esta pelota inflable de Duo es tan adorable como absurda. Llévala a la playa, a la piscina o a tus próximas vacaciones. ¡Duo dice que está tan redondo porque está lleno de conocimiento! 60 cm (24") de diámetro (inflada) Material: PVC', 53.48, CAST('2026-04-15' AS DATETIME), NULL),
(17, 1, 'Figura de vinilo de Lily', 'Abraza tu actitud emo interior con la figura de vinilo de Lily. Colócala en tu escritorio para una dosis diaria de humor inexpresivo y desapego introvertido... o lo que sea. A Lily le encantan las bandas desconocidas, las películas de terror clásicas y evitar a la gente, igual que a ti. Es un coleccionable existencial para quienes adoptan el estilo de vida de "¿por qué estoy aquí?". No hace falta que nos lo agradezcas. Lily tampoco lo haría. Advertencia: No se incluye el entusiasmo. Hecho de PVC La figura mide 6" de alto. Este artículo se envía desde EE. UU.', 76.70, CAST('2026-04-15' AS DATETIME), NULL),
(18, 1, 'Manual de Duolingo', 'Esto no es solo un manual: es el corazón de todo lo que hacemos. Escrito originalmente solo para empleados y pasantes, este manual captura los principios, las ocurrencias y el humor que nos caracteriza. Es una ventana a nuestra cultura, a cómo nos movemos tan rápido sin perder nuestro estilo, a por qué la frase "no hagas *****" se volvió nuestra guía principal y cómo logramos desarrollar cosas que son tan divertidas como efectivas. Ahora, por primera vez, este manual está disponible para todos. Si te gusta nuestro estilo, si te da curiosidad como desarrollador o eres de nuestros fanáticos, aquí podrás encontrar la historia real de cómo convertimos las ideas en productos, el caos en cultura y las lecciones en diversión. Incluye una versión PDF descargable gratuita con cada compra. Medidas: 16.5 x 21.6 cm (6.5" x 8.5") Libro encuadernado en espiral de 64 páginas', 15.98, CAST('2026-04-15' AS DATETIME), NULL),
(19, 1, 'Kit Para Festejar Tu Racha', 'Si estás superando todas las lecciones, es hora de celebrar tu racha. ¡Escoge el kit perfecto para la ocasión y haz una fiesta temática de Duolingo en honor a tus logros o los de un amigo! Tenemos globos, adornos para pasteles, guirnaldas, coronas de rachas y una banda que dice "Streaker". También incluye un telón de Duo de tamaño real para que puedas tomarte una foto con tu búho favorito (solo asegúrate de que todos hayan completado sus lecciones del día o podría enojarse). El kit incluye: • 12 globos de látex • 6 coronas • 2 adornos para pasteles • 1 faja • 1 guirnalda • 1 telón para colgar de 2.43 m x 2.43 m (8'' x 8'')', 107.05, CAST('2026-04-15' AS DATETIME), NULL),
(20, 1, 'Pin de esmalte de duo de anime', 'Es brillante. Es dramático. Podría enviarte a otra dimensión por saltarte la clase de japonés. El pin de esmalte Anime Duo captura a nuestro búho verde favorito en todo su esplendor kawaii: ojos grandes, estrellas y brillante (literalmente). Troquelado con detalles de ensueño y purpurina auténtica en el esmalte, este pin de edición limitada brillará tanto como tus objetivos lingüísticos. Inspirado en Duolingo: The Final Test , nuestra nueva serie de anime, es la insignia de honor definitiva para fans, coleccionistas y estudiantes. Detalles de esmalte brillante Pin de metal y esmalte de 1,5" x 1" Respaldo de caucho personalizado Este artículo se envía desde EE. UU.', 26.70, CAST('2026-04-15' AS DATETIME), NULL),
(21, 1, 'Mochila de Duo', '¡Te presentamos la mochila de Duo! Tiene la forma de nuestro búho favorito, pero esta mochila es más que una cara bonita: tiene todo lo que necesitas para progresar en tus lecciones y tu vida (o eso esperamos). Trae dos bolsillos para botellas de agua, un pequeño bolsillo con cierre de cómodo acceso y correas para cargarla y llevarla contigo a donde sea. Dentro, encontrarás el esqueleto de Duo (¿no es lógico?) y un compartimiento para mantener tu laptop a salvo. Además, trae un anillo en D para colgar llaveros (¡a Duo le encanta la compañía!) 30.4 cm de ancho x 35.5 cm de alto (12" x 14") Puede contener tabletas y laptops de hasta 33 cm de alto (13") Material: poliéster y vinilo Largo de las correas: de 38 cm a 83 cm (15" x 33") Puede almacenar botellas de hasta 700 cm³ (24 oz)', 115.98, CAST('2026-04-15' AS DATETIME), NULL),
(22, 1, 'Llavero de peluche con forma de llama de Streak', 'Mantén la llama encendida con el llavero de peluche Streak Flame: un suave y adorable recordatorio de que tu racha está a un paso de desaparecer. Los detalles de llamas bordadas y un resistente clip de plástico lo convierten en el accesorio perfecto para tu mochila Duo . 3" x 2,5" Este artículo se envía desde EE. UU.', 21.34, CAST('2026-04-15' AS DATETIME), NULL),
(23, 1, 'Pantuflas Duo', 'Ponte algo más suave... ¡como Duo! Estas pantuflas Duo te mantendrán los pies y la barriga abrigados. Hechas con tela ultrasuave y una suela de goma resistente, son justo lo que necesitas para relajarte, estudiar o ir a comprar algo. Disponibles en 3 tallas, hay una talla perfecta para todos. Eso sí, no te pongas demasiado cómodo, porque Duo siempre te vigila... Apresto: XXS-XS = M3-5, W5-7, Niños grandes 3-6 SM = M6-9, W8-11 L-XL = M10-12, W12-14 De alta calidad con tela de peluche súper suave. Suela de goma estampada Este artículo se envía desde EE. UU.', 53.48, CAST('2026-04-15' AS DATETIME), NULL),
(24, 2, 'Pantalones deportivos universitarios de Duolingo', 'Estos pantalones deportivos ofrecen comodidad y espíritu de equipo. Confeccionados en suave forro polar y diseñados para acompañarte en tus movimientos, presentan el logo de DUOLINGO en chenilla a lo largo de la pierna y un pequeño parche con la cara de Duo cerca del bolsillo para darle un toque extra de energía a tu mascota. Úsalos para el modo de estudio, el modo de relajación o el modo de protagonista accidental en un brunch. Combínalo con la camiseta universitaria Duolingo a juego para completar el uniforme. ¡Te lo has ganado! Peso medio, 9,4 oz, mezcla de algodón 80/20, preencogido Cintura elástica, puños 2 bolsillos laterales, un bolsillo en la parte trasera Parches de logotipo de chenilla bordados Parche Duo bordado cerca del bolsillo Elige una talla más grande para un ajuste más holgado Este artículo se envía desde EE. UU.', 89.20, CAST('2026-04-15' AS DATETIME), NULL),
(25, 2, 'Gorra "Learning"', 'Seguro sabías que "Learning" significa "Aprendiendo" en inglés, pero… ¿sabías que esta iba a ser tu nueva gorra favorita? Viene en color crema y verde oscuro, y tiene la palabra "LEARNING" escrita en una fuente elegante para que todos sepan que te lo estás tomando en serio. En un lado encontrarás el logo de Duolingo, y en el otro está Duo durmiendo, con un libro sobre su cabeza. Es ajustable, y está lista para protegerte del sol y de la procrastinación. ¿Quién hubiera pensado que usar una gorra te haría ver tan inteligente? 100 % algodón Diseños bordados en cada lado Gorra de cinco paneles, con broche de plástico', 53.48, CAST('2026-04-15' AS DATETIME), NULL),
(26, 2, 'Gorra de Pana de Duolingo', 'Cúbrete del sol y lleva a Duo contigo con esta cómoda gorra de pana. Contiene un logo bordado en la parte frontal y un divertido Duo asomándose en la parte posterior. Esta gorra será el saludo secreto entre tú y otros usuarios de Duolingo para identificarse. Es durable, versátil y de fácil mantenimiento: un accesorio para las cuatro estaciones del año. 100 % pana de algodón Logo bordado con relieve Gorro de 6 paneles personalizado Duo de goma asomándose en la parte posterior Correa ajustable de cuero con hebilla de metal', 60.63, CAST('2026-04-15' AS DATETIME), NULL),
(27, 2, 'Gorra de Duo', 'Esta gorra con la silueta de Duo en el frente es ideal para todas las personas que quieran transmitir su amor por Duolingo de una forma sutil y elegante. Su estilo relajado te resultará cómodo cuando te prepares para aprender un nuevo idioma o viajes al país donde se habla el idioma que estás aprendiendo. También disponible en color verde oscuro. 100 % algodón Logo bordado Gorro de 6 paneles Yupoong Classics Correa ajustable de cuero con hebilla de metal', 53.48, CAST('2026-04-15' AS DATETIME), NULL),
(28, 2, 'Sudadera de Duolingo', 'Esta cómoda sudadera viene en el color clásico de Duolingo y tiene un logo deportivo en el centro para que todos sepan que eres amigo del búho. Te abrigará cuando salgas en invierno o cuando te acuestes en tu sofá. De seguro se convertirá en parte de tu rutina diaria… ¡como tus lecciones! Mezcla 60/40 algodón Talla única Paneles laterales acanalados Logo bordado', 107.05, CAST('2026-04-15' AS DATETIME), NULL),
(29, 2, 'Camiseta de Duo Esqueleto', 'Descubre al búho dentro de ti con esta camiseta del esqueleto de Duo, tan linda como espeluznante. Esta camiseta blanca viene en talles holgados para ofrecer una gran comodidad y trae impreso uno de los diseños de nuestro widget. Como detalles, el estampado agrega un relieve distinguible al tacto, mientras que las etiquetas cosidas en la parte inferior e interna de la camiseta demuestran que se trata de un producto original. Camiseta blanca de 100 % algodón Talle holgado (oversize) Estampa con relieve Etiqueta cosida de Duolingo Etiqueta impresa el interior Lavar en frío del revés, secar a baja temperatura', 58.84, CAST('2026-04-15' AS DATETIME), NULL),
(30, 2, 'Camiseta de Duo Derretido', 'Duo se derrite. ¡Hagamos una camiseta con su cara! Este diseño tan vistoso que aparece en la camiseta es lo que sucede cuando no completas tus lecciones en Duolingo. Como puedes ver, es un problema. Esta camiseta de edición limitada trae un loco diseño original, está confeccionada con 100 % algodón premium y viene en talles holgados. El diseño fue votado como el favorito de todos los seguidores de Duo en redes sociales. Ten en cuenta que el tiempo corre: ¡ordena tu camiseta antes que Duo se derrita del todo! Camiseta color gris claro 100 % algodón Talle holgado (oversize) Estampa impresa Etiqueta cosida de Duolingo Etiqueta cosida en el interior Lavar en frío, al revés, secar a baja temperatura', 57.05, CAST('2026-04-15' AS DATETIME), NULL),
(31, 2, 'Camisa del Capitán Duo', 'Zarpa con estilo con esta camisa azul claro abotonada, que representa al Capitán Duo en sus mejores momentos náuticos. Fresca, versátil y con un estilo relajado, es perfecta para días de playa, cenas al aire libre o simplemente para lucir como si hubieras pasado los últimos 5 años en un crucero. Incluye botones personalizados, prueba de que el ocio, bien hecho, es un arte. ¡Reserva ya! ¡No olvides los shorts a juego! 100% viscosa Botones de bambú personalizados Corte holgado unisex. Consulta la tabla de tallas a continuación. Este artículo se envía desde EE. UU.', 71.34, CAST('2026-04-15' AS DATETIME), NULL),
(32, 3, 'Peluche duo de cambios de humor', 'El amor está en el aire. Y el aire es gélido. Ahora es caliente. Y ahora vuelve a ser frío. Cuando no sepas cómo expresarte, deja que el peluche Mood Swing de Duo te guíe. Presume cuando te sientas así, sin importar cómo te sientas. 6" de alto Tela de felpa súper suave Con detalles faciales bordados y diseño reversible de doble cara. Apto para mayores de 3 años Este artículo se envía desde EE. UU.', 44.55, CAST('2026-04-15' AS DATETIME), NULL),
(33, 3, 'Peluche de Duo Kawaii', 'Duo llegó al mundo del animé y está más lindo que nunca. Con ojos grandes bordados y un estilo bien kawaii, este peluche de edición limitada llegó para acompañarte mientras ves tus series favoritas y para emocionarse cuando completas tus lecciones. Viene en una caja exclusiva para coleccionistas ideal para exponerlo, regalarlo o filmar tu unboxing. Este peluche está inspirado en el Duo que aparece en la serie de anime Duolingo: la prueba final, y traerá el drama directo de la pantalla a tu sofá. 17.8 cm de alto (7") Edición limitada con detalles bordados Tela suave de alta calidad y muy abrazable Recomendado de 3 años en adelante', 62.41, CAST('2026-04-15' AS DATETIME), NULL),
(34, 3, 'Peluche de Duo', 'Con este peluche adorable de Duo, ya no olvidarás tus lecciones. Es el recordatorio perfecto para tus lecciones diarias de Duolingo. ¡Obtén el tuyo ahora, o regálaselo a alguien para que aprender sea más divertido que nunca! 21.5 cm de alto (8.5") Tela suave de alta calidad y muy abrazable Recomendado de 3 años en adelante', 53.48, CAST('2026-04-15' AS DATETIME), NULL),
(35, 3, 'Peluche de Duo Musculoso', '¿Metas? Superadas. ¿Motivación? Muchísima. Este peluche de Duo musculoso es la representación del trabajo duro. Llegó para motivarte en tus lecciones y corregir tanto tu conjugación como tu postura. Puedes abrazarlo si te animas: él no apretará TAN fuerte. 30.4 cm de alto (12") Tela suave de alta calidad y llena de músculos Recomendado de 3 años en adelante', 57.05, CAST('2026-04-15' AS DATETIME), NULL),
(36, 3, 'Peluche Big Duo', 'Conoce Big Duo: ¡18 pulgadas de motivación masiva para que sigas aprendiendo!', 160.63, CAST('2026-04-15' AS DATETIME), NULL),
(37, 3, 'Peluche de Lily', 'Conoce la versión de peluche de Lily, tan antisocial y sarcástica como la original. Puedes contarle todo sobre tus bandas desconocidas favoritas… aunque es probable que no te responda. No porque no pueda, sino porque no le interesa. 25.4 cm de alto (10") Tela suave de alta calidad y muy abrazable (aunque eso de los abrazos no le gusta mucho) Recomendado de 14 años en adelante', 57.05, CAST('2026-04-15' AS DATETIME), NULL),
(38, 3, 'Peluche de Falstaff', 'Este no es un osito cualquiera: ¡es Falstaff, el oso gruñón de Duolingo! A pesar de su cara de malhumor, Falstaff es realmente encantador. Prefiere dormir siestas y escuchar discos de jazz antes que mantener conversaciones aburridas, pero es el compañero perfecto para descansar y olvidarte un rato del mundo real. Si te gusta relajarte por la tarde y esquivar tus obligaciones, este peluche está destinado a ser tu mejor amigo. 31.7 cm de alto (12.5") Tela suave de alta calidad y muy abrazable Recomendado de 14 años en adelante', 62.41, CAST('2026-04-15' AS DATETIME), NULL),
(39, 3, 'Peluche de Zari', '¡Te presentamos el peluche de Zari! Es suave, colorida y llenará tu vida de diversión. Ya sea que estés aprendiendo matemáticas, karate o solo escuchando un poco de k-pop, te darás cuenta de que el entusiasmo de Zari es MUY contagioso. Le encantan los dulces, las crías de todos los animales y las novelas de ciencia ficción, pero está ansiosa por escuchar más sobre tus pasatiempos favoritos. ¡Es la amiga ideal! 25.4 cm de alto (10") Tela suave de alta calidad y archi súper mega abrazable Recomendado de 3 años en adelante Brazos con alambres interiores, flexibles y adaptables', 57.05, CAST('2026-04-15' AS DATETIME), NULL);
GO

-- GRUPO_COMPETENCIA (30 grupos competitivos)
INSERT INTO grupo_competencia (id_grupo_competencia, id_liga, fecha_inicio, fecha_fin, fecha_alta, fecha_baja, cantidad_participantes) VALUES
(1, 1, CAST('2026-04-15' AS DATETIME), CAST('2026-04-22' AS DATETIME), CAST('2026-04-15' AS DATETIME), NULL, 15),
(2, 2, CAST('2026-04-15' AS DATETIME), CAST('2026-04-22' AS DATETIME), CAST('2026-04-15' AS DATETIME), NULL, 22),
(3, 3, CAST('2026-04-15' AS DATETIME), CAST('2026-04-22' AS DATETIME), CAST('2026-04-15' AS DATETIME), NULL, 8),
(4, 4, CAST('2026-04-10' AS DATETIME), CAST('2026-04-30' AS DATETIME), CAST('2026-04-10' AS DATETIME), NULL, 50),
(5, 5, CAST('2026-04-10' AS DATETIME), CAST('2026-05-10' AS DATETIME), CAST('2026-04-10' AS DATETIME), NULL, 35),
(6, 6, CAST('2026-04-08' AS DATETIME), CAST('2026-04-15' AS DATETIME), CAST('2026-04-08' AS DATETIME), CAST('2026-04-15' AS DATETIME), 12),
(7, 7, CAST('2026-04-15' AS DATETIME), CAST('2026-04-22' AS DATETIME), CAST('2026-04-15' AS DATETIME), NULL, 18),
(8, 8, CAST('2026-04-01' AS DATETIME), CAST('2026-04-30' AS DATETIME), CAST('2026-04-01' AS DATETIME), NULL, 40),
(9, 9, CAST('2026-04-01' AS DATETIME), CAST('2026-04-30' AS DATETIME), CAST('2026-04-01' AS DATETIME), NULL, 60),
(10, 10, CAST('2026-04-05' AS DATETIME), CAST('2026-04-12' AS DATETIME), CAST('2026-04-05' AS DATETIME), NULL, 25),
(11, 11, CAST('2026-03-20' AS DATETIME), CAST('2026-04-20' AS DATETIME), CAST('2026-03-20' AS DATETIME), NULL, 45),
(12, 12, CAST('2026-04-01' AS DATETIME), CAST('2026-04-30' AS DATETIME), CAST('2026-04-01' AS DATETIME), NULL, 100),
(13, 13, CAST('2026-03-01' AS DATETIME), CAST('2026-04-30' AS DATETIME), CAST('2026-03-01' AS DATETIME), NULL, 55),
(14, 14, CAST('2026-04-10' AS DATETIME), CAST('2026-04-17' AS DATETIME), CAST('2026-04-10' AS DATETIME), NULL, 20),
(15, 15, CAST('2026-04-01' AS DATETIME), CAST('2026-05-01' AS DATETIME), CAST('2026-04-01' AS DATETIME), NULL, 30),
(16, 16, CAST('2026-04-05' AS DATETIME), CAST('2026-05-05' AS DATETIME), CAST('2026-04-05' AS DATETIME), NULL, 70),
(17, 17, CAST('2026-03-20' AS DATETIME), CAST('2026-04-20' AS DATETIME), CAST('2026-03-20' AS DATETIME), NULL, 85),
(18, 18, CAST('2026-04-01' AS DATETIME), CAST('2026-04-30' AS DATETIME), CAST('2026-04-01' AS DATETIME), NULL, 120),
(19, 19, CAST('2026-04-01' AS DATETIME), CAST('2026-06-30' AS DATETIME), CAST('2026-04-01' AS DATETIME), NULL, 200),
(20, 20, CAST('2026-04-10' AS DATETIME), CAST('2026-04-24' AS DATETIME), CAST('2026-04-10' AS DATETIME), NULL, 42),
(21, 21, CAST('2026-04-08' AS DATETIME), CAST('2026-04-15' AS DATETIME), CAST('2026-04-08' AS DATETIME), CAST('2026-04-15' AS DATETIME), 28),
(22, 22, CAST('2026-04-01' AS DATETIME), CAST('2026-05-01' AS DATETIME), CAST('2026-04-01' AS DATETIME), NULL, 65),
(23, 23, CAST('2026-04-05' AS DATETIME), CAST('2026-05-05' AS DATETIME), CAST('2026-04-05' AS DATETIME), NULL, 95),
(24, 24, CAST('2026-04-10' AS DATETIME), CAST('2026-05-10' AS DATETIME), CAST('2026-04-10' AS DATETIME), NULL, 78),
(25, 25, CAST('2026-04-01' AS DATETIME), CAST('2026-04-30' AS DATETIME), CAST('2026-04-01' AS DATETIME), NULL, 110),
(26, 26, CAST('2026-04-15' AS DATETIME), CAST('2026-04-22' AS DATETIME), CAST('2026-04-15' AS DATETIME), NULL, 35),
(27, 27, CAST('2026-04-12' AS DATETIME), CAST('2026-04-19' AS DATETIME), CAST('2026-04-12' AS DATETIME), NULL, 48),
(28, 28, CAST('2026-03-15' AS DATETIME), CAST('2026-04-15' AS DATETIME), CAST('2026-03-15' AS DATETIME), NULL, 90),
(29, 29, CAST('2026-04-01' AS DATETIME), CAST('2026-04-30' AS DATETIME), CAST('2026-04-01' AS DATETIME), NULL, 125),
(30, 30, CAST('2026-04-10' AS DATETIME), CAST('2026-05-10' AS DATETIME), CAST('2026-04-10' AS DATETIME), NULL, 80);
GO

-- VARIACION_PRECIO_PLAN (30 variaciones)
INSERT INTO variacion_precio_plan (id_variacion_precio_plan, id_plan, precio, fecha_inicio, fecha_fin) VALUES
(1, 1, 0.00, CAST('2026-01-01' AS DATETIME), NULL),
(2, 2, 9.99, CAST('2026-01-01' AS DATETIME), NULL),
(3, 3, 24.99, CAST('2026-01-01' AS DATETIME), NULL),
(4, 4, 99.99, CAST('2026-01-01' AS DATETIME), NULL),
(5, 5, 14.99, CAST('2026-01-01' AS DATETIME), NULL),
(6, 6, 39.99, CAST('2026-01-01' AS DATETIME), NULL),
(7, 7, 149.99, CAST('2026-01-01' AS DATETIME), NULL),
(8, 8, 19.99, CAST('2026-01-01' AS DATETIME), NULL),
(9, 9, 49.99, CAST('2026-01-01' AS DATETIME), NULL),
(10, 10, 199.99, CAST('2026-01-01' AS DATETIME), NULL),
(11, 11, 49.99, CAST('2026-01-01' AS DATETIME), NULL),
(12, 12, 149.99, CAST('2026-01-01' AS DATETIME), NULL),
(13, 13, 7.99, CAST('2026-01-01' AS DATETIME), NULL),
(14, 14, 79.99, CAST('2026-01-01' AS DATETIME), NULL),
(15, 15, 59.99, CAST('2026-02-01' AS DATETIME), NULL),
(16, 16, 499.99, CAST('2026-02-01' AS DATETIME), NULL),
(17, 17, 4.99, CAST('2026-02-01' AS DATETIME), CAST('2026-02-08' AS DATETIME)),
(18, 18, 9.99, CAST('2026-02-08' AS DATETIME), NULL),
(19, 19, 44.99, CAST('2026-03-01' AS DATETIME), NULL),
(20, 20, 119.99, CAST('2026-03-01' AS DATETIME), NULL),
(21, 21, 179.99, CAST('2026-03-01' AS DATETIME), NULL),
(22, 22, 14.99, CAST('2026-04-01' AS DATETIME), NULL),
(23, 23, 39.99, CAST('2026-04-01' AS DATETIME), NULL),
(24, 24, 54.99, CAST('2026-04-01' AS DATETIME), NULL),
(25, 25, 169.99, CAST('2026-04-01' AS DATETIME), NULL),
(26, 26, 19.99, CAST('2026-04-01' AS DATETIME), NULL),
(27, 27, 59.99, CAST('2026-04-01' AS DATETIME), NULL),
(28, 28, 199.99, CAST('2026-04-01' AS DATETIME), NULL),
(29, 29, 64.99, CAST('2026-04-05' AS DATETIME), NULL),
(30, 30, 799.99, CAST('2026-01-01' AS DATETIME), NULL);
GO

-- VARIACION_PRECIO_PRODUCTO (30 variaciones de precio)
INSERT INTO variacion_precio_producto (id_variacion_precio_producto, id_producto, precio, fecha_inicio, fecha_fin) VALUES
(1, 1, 0.99, CAST('2026-01-01' AS DATETIME), NULL),
(2, 2, 4.99, CAST('2026-01-01' AS DATETIME), NULL),
(3, 3, 2.99, CAST('2026-01-01' AS DATETIME), NULL),
(4, 4, 4.99, CAST('2026-01-01' AS DATETIME), NULL),
(5, 5, 1.99, CAST('2026-01-01' AS DATETIME), NULL),
(6, 6, 7.99, CAST('2026-01-01' AS DATETIME), NULL),
(7, 7, 1.99, CAST('2026-01-01' AS DATETIME), NULL),
(8, 8, 4.99, CAST('2026-01-01' AS DATETIME), NULL),
(9, 9, 0.99, CAST('2026-01-01' AS DATETIME), NULL),
(10, 10, 3.99, CAST('2026-01-01' AS DATETIME), NULL),
(11, 11, 12.99, CAST('2026-01-01' AS DATETIME), NULL),
(12, 12, 2.99, CAST('2026-01-05' AS DATETIME), NULL),
(13, 13, 1.99, CAST('2026-01-05' AS DATETIME), NULL),
(14, 14, 1.99, CAST('2026-01-05' AS DATETIME), NULL),
(15, 15, 1.99, CAST('2026-01-10' AS DATETIME), NULL),
(16, 16, 1.99, CAST('2026-01-10' AS DATETIME), NULL),
(17, 17, 2.99, CAST('2026-01-10' AS DATETIME), NULL),
(18, 18, 3.99, CAST('2026-01-10' AS DATETIME), NULL),
(19, 19, 0.99, CAST('2026-01-15' AS DATETIME), NULL),
(20, 20, 4.99, CAST('2026-01-15' AS DATETIME), NULL),
(21, 21, 9.99, CAST('2026-02-01' AS DATETIME), NULL),
(22, 22, 14.99, CAST('2026-02-01' AS DATETIME), NULL),
(23, 23, 3.99, CAST('2026-02-05' AS DATETIME), NULL),
(24, 24, 2.99, CAST('2026-02-05' AS DATETIME), NULL),
(25, 25, 1.99, CAST('2026-02-10' AS DATETIME), NULL),
(26, 26, 19.99, CAST('2026-02-10' AS DATETIME), NULL),
(27, 27, 4.99, CAST('2026-02-15' AS DATETIME), NULL),
(28, 28, 5.99, CAST('2026-02-20' AS DATETIME), NULL),
(29, 29, 3.99, CAST('2026-03-01' AS DATETIME), NULL),
(30, 30, 2.99, CAST('2026-03-05' AS DATETIME), NULL);
GO

-- ===================================
-- TABLAS TRANSACCIONALES (1000+ registros)
-- ===================================

-- SUSCRIPCION (1000+ suscripciones)
-- Insertaremos 1050 registros de suscripciones
DECLARE @i INT = 1
DECLARE @user_id INT
DECLARE @plan_id INT
DECLARE @fecha_inicio DATETIME
DECLARE @fecha_fin DATETIME
DECLARE @precio DECIMAL(10,2)

WHILE @i <= 1050
BEGIN
  SET @user_id = ((@i - 1) % 30) + 1
  SET @plan_id = ((@i - 1) % 29) + 1
  SET @fecha_inicio = DATEADD(DAY, -(@i % 90), CAST('2026-04-15' AS DATETIME))
  SET @fecha_fin = DATEADD(DAY, CASE WHEN @plan_id IN (1) THEN 0 ELSE IIF(@plan_id > 16 AND @plan_id < 22, 7, IIF(@plan_id > 21, 2, 30)) END, @fecha_inicio)
  SET @precio = CASE 
    WHEN @plan_id = 1 THEN 0.00
    WHEN @plan_id = 2 THEN 9.99
    WHEN @plan_id = 3 THEN 24.99
    WHEN @plan_id IN (4,5,6,7) THEN 9.99 + (@plan_id * 5)
    ELSE 19.99
  END
  
  INSERT INTO suscripcion (id_suscripcion, id_usuario, id_plan, fecha_inicio, fecha_fin, precio)
  VALUES (@i, @user_id, @plan_id, @fecha_inicio, @fecha_fin, @precio)
  
  SET @i = @i + 1
END
GO

-- FACTURA (1050 facturas)
DECLARE @i INT = 1
WHILE @i <= 1050
BEGIN
  INSERT INTO factura (id_factura, id_usuario, fecha_emision, fecha_vencimiento, total)
  VALUES (
    @i,
    ((@i - 1) % 30) + 1,
    DATEADD(DAY, -(@i % 100), CAST('2026-04-15' AS DATETIME)),
    DATEADD(DAY, 30, DATEADD(DAY, -(@i % 100), CAST('2026-04-15' AS DATETIME))),
    ROUND(RAND() * 200 + 5, 2)
  )
  SET @i = @i + 1
END
GO

-- FACTURA_DETALLE (1050+ detalles)
DECLARE @i INT = 1
DECLARE @factura_id INT
WHILE @i <= 1050
BEGIN
  SET @factura_id = (((@i - 1) % 3) + 1) + ((@i - 1) / 3) * 3
  
  INSERT INTO factura_detalle (id_factura_detalle, id_factura, id_suscripcion, id_producto, cantidad, precio_unitario)
  VALUES (
    @i,
    CASE WHEN @i <= 500 THEN (@i - 1) / 2 + 1 ELSE @i - 500 END,
    CASE WHEN @i % 2 = 1 THEN ((@i - 1) / 2) % 1050 + 1 ELSE NULL END,
    CASE WHEN @i % 2 = 0 THEN ((@i - 1) / 2) % 30 + 1 ELSE NULL END,
    IIF(@i % 2 = 0, FLOOR(RAND() * 5) + 1, 1),
    ROUND(RAND() * 20 + 0.99, 2)
  )
  SET @i = @i + 1
END
GO

-- CURSO_POR_USUARIO (1050 progresiones)
DECLARE @i INT = 1
WHILE @i <= 1050
BEGIN
  INSERT INTO curso_por_usuario (id_curso_por_usuario, id_curso, id_usuario, progreso_porcentaje, xp_total, fecha_inicio, fecha_ultimo_progreso, fecha_fin)
  VALUES (
    @i,
    ((@i - 1) % 30) + 1,
    ((@i - 1) % 30) + 1,
    ROUND(RAND() * 100, 2),
    FLOOR(RAND() * 5000) + 100,
    DATEADD(DAY, -(FLOOR(RAND() * 100)), CAST('2026-04-15' AS DATETIME)),
    DATEADD(DAY, -(FLOOR(RAND() * 10)), CAST('2026-04-15' AS DATETIME)),
    CASE WHEN RAND() > 0.7 THEN DATEADD(DAY, FLOOR(RAND() * 50), CAST('2026-04-15' AS DATETIME)) ELSE NULL END
  )
  SET @i = @i + 1
END
GO

-- EJERCICIO_REALIZADO (1050+ ejercicios completados)
DECLARE @i INT = 1
WHILE @i <= 1050
BEGIN
  INSERT INTO ejercicio_realizado (id_ejercicio_realizado, id_curso_por_usuario, id_ejercicio, fecha, correcto, xp_ganado)
  VALUES (
    @i,
    ((@i - 1) % 1050) + 1,
    ((@i - 1) % 30) + 1,
    DATEADD(MINUTE, -(FLOOR(RAND() * 10000)), CAST('2026-04-15' AS DATETIME)),
    CASE WHEN RAND() > 0.2 THEN 1 ELSE 0 END,
    FLOOR(RAND() * 50) + 10
  )
  SET @i = @i + 1
END
GO

-- GRUPO_COMPETENCIA_POR_USUARIO (1050+ participaciones)
DECLARE @i INT = 1
DECLARE @grupo_idx INT
DECLARE @user_idx INT
WHILE @i <= 1050
BEGIN
  SET @grupo_idx = ((@i - 1) % 30) + 1
  SET @user_idx = ((@i - 1) % 30) + 1
  
  INSERT INTO grupo_competencia_por_usuario (id_grupo_competencia_por_usuario, id_usuario, id_grupo_competencia, xp_acumulado_grupo, puesto, fecha_alta, fecha_baja)
  VALUES (
    @i,
    @user_idx,
    @grupo_idx,
    FLOOR(RAND() * 10000) + 1000,
    FLOOR(RAND() * 50) + 1,
    DATEADD(DAY, -(FLOOR(RAND() * 30)), CAST('2026-04-15' AS DATETIME)),
    NULL
  )
  SET @i = @i + 1
END
GO

-- Checks
-- Precio > 0
ALTER TABLE suscripcion
ADD CONSTRAINT chk_suscripcion_precio
CHECK (precio > 0);
GO

ALTER TABLE variacion_precio_plan
ADD CONSTRAINT chk_variacion_precio_plan_precio
CHECK (precio > 0);
GO

ALTER TABLE variacion_precio_producto
ADD CONSTRAINT chk_variacion_precio_producto_precio
CHECK (precio > 0);
GO


-- Cantidad > 0 en factura_detalle
ALTER TABLE factura_detalle
ADD CONSTRAINT chk_factura_detalle_cantidad
CHECK (cantidad > 0);
GO


-- Duración del plan > 0
ALTER TABLE [plan]
ADD CONSTRAINT chk_plan_duracion
CHECK (duracion_dias > 0);
GO


-- Progreso entre 0 y 100
ALTER TABLE curso_por_usuario
ADD CONSTRAINT chk_progreso_porcentaje
CHECK (progreso_porcentaje BETWEEN 0 AND 100);
GO


-- Si hay suscripción → cantidad = 1
ALTER TABLE factura_detalle
ADD CONSTRAINT chk_factura_detalle_suscripcion_cantidad
CHECK (
    (id_suscripcion IS NOT NULL AND cantidad = 1)
    OR (id_suscripcion IS NULL)
);
GO

-- Confirmación de inserción
SELECT 'Inserción completada exitosamente' AS Resultado;
SELECT COUNT(*) AS Total_Paises FROM pais;
SELECT COUNT(*) AS Total_Materias FROM materia;
SELECT COUNT(*) AS Total_Usuarios FROM usuario;
SELECT COUNT(*) AS Total_Suscripciones FROM suscripcion;
SELECT COUNT(*) AS Total_Facturas FROM factura;
SELECT COUNT(*) AS Total_Ejercicios_Realizados FROM ejercicio_realizado;
SELECT COUNT(*) AS Total_Participaciones_Liga FROM grupo_competencia_por_usuario;
GO